dashboardID,post,date,Author
1,Lorem ipsum dolor sit amet,10/3/2022,Johnathon Roscrigg
2,adipisci velit...,2/7/2018,Devinne Ainsworth
3,consectetur adipiscing elit.,5/13/2022,Odell Trounce
4,adipisci velit...,4/4/2008,Zackariah Shugg
5,Neque porro quisquam est,4/24/2008,Connie Traviss
6,qui dolorem ipsum quia dolor sit amet,6/10/2007,Jordana Patroni
7,consectetur,9/9/2020,Raimondo Goldson
8,consectetur,1/26/2010,Lurlene Triggol
9,consectetur,5/29/2005,Andria Dumbreck
10,At vero eos et accusamus et iusto odio dignissimos ducimus qui blanditiis praesentium voluptatum deleniti atque corrupti quos dolores et quas molestias excepturi sint occaecati cupiditate non provident.,2/22/2013,Ulrick Sogg
11,qui dolorem ipsum quia dolor sit amet,9/20/2019,Karissa Antonacci
12,Neque porro quisquam est,2/26/2021,Brady Theml
13,Neque porro quisquam est,2/8/2010,Marne Szreter
14,Sed ut perspiciatis unde omnis iste natus error sit voluptatem accusantium doloremque laudantium.,4/24/2022,Husain Sandlin
15,consectetur,2/20/2014,Tim Daubney
16,consectetur,9/26/2002,Nonah Spinnace
17,Sed ut perspiciatis unde omnis iste natus error sit voluptatem accusantium doloremque laudantium.,11/15/2003,Ailina Malloy
18,consectetur,10/13/2008,Julianna Dowling
19,adipisci velit...,8/19/2006,Angelia Resun
20,Neque porro quisquam est,5/6/2021,Anthiathia Nyles
21,At vero eos et accusamus et iusto odio dignissimos ducimus qui blanditiis praesentium voluptatum deleniti atque corrupti quos dolores et quas molestias excepturi sint occaecati cupiditate non provident.,11/28/2008,Marlow Klimt
22,At vero eos et accusamus et iusto odio dignissimos ducimus qui blanditiis praesentium voluptatum deleniti atque corrupti quos dolores et quas molestias excepturi sint occaecati cupiditate non provident.,9/14/2002,Duky Janz
23,qui dolorem ipsum quia dolor sit amet,8/11/2020,Camey McLewd
24,Sed ut perspiciatis unde omnis iste natus error sit voluptatem accusantium doloremque laudantium.,2/18/2000,Anneliese Fransoni
25,consectetur,2/14/2011,Beryle Scrimshire
26,qui dolorem ipsum quia dolor sit amet,10/27/2022,Abbie Lehmann
27,At vero eos et accusamus et iusto odio dignissimos ducimus qui blanditiis praesentium voluptatum deleniti atque corrupti quos dolores et quas molestias excepturi sint occaecati cupiditate non provident.,6/11/2021,Obadias Dutson
28,consectetur adipiscing elit.,7/25/2007,Carleen Tudor
29,Neque porro quisquam est,11/19/2016,Karlene Bassilashvili
30,Neque porro quisquam est,5/17/2003,Jamaal Burfield
31,consectetur adipiscing elit.,10/14/2004,Jaynell Fookes
32,Neque porro quisquam est,10/14/2011,Matty Keeping
33,At vero eos et accusamus et iusto odio dignissimos ducimus qui blanditiis praesentium voluptatum deleniti atque corrupti quos dolores et quas molestias excepturi sint occaecati cupiditate non provident.,3/1/2000,Marco Bapty
34,consectetur,1/29/2009,Osbert Edgecumbe
35,Neque porro quisquam est,7/18/2012,Ina Scudders
36,consectetur,8/24/2023,Atlante Kettlesing
37,Lorem ipsum dolor sit amet,11/9/2008,Florinda Heffernon
38,Neque porro quisquam est,5/20/2004,Rainer Joannet
39,At vero eos et accusamus et iusto odio dignissimos ducimus qui blanditiis praesentium voluptatum deleniti atque corrupti quos dolores et quas molestias excepturi sint occaecati cupiditate non provident.,9/21/2012,Enrica Cuppitt
40,Sed ut perspiciatis unde omnis iste natus error sit voluptatem accusantium doloremque laudantium.,6/11/2023,Chrisy Sworne
41,Neque porro quisquam est,8/17/2011,Bennie Dinsmore
42,adipisci velit...,5/4/2014,Karyn Blew
43,qui dolorem ipsum quia dolor sit amet,12/7/2006,Jemmy Cartmill
44,adipisci velit...,3/10/2018,Mireielle Juza
45,qui dolorem ipsum quia dolor sit amet,12/15/2021,Constantia Sedgeman
46,adipisci velit...,9/21/2012,Donal Mudle
47,consectetur adipiscing elit.,12/30/2010,Lorenzo Edington
48,adipisci velit...,2/13/2008,Rozamond Faichney
49,qui dolorem ipsum quia dolor sit amet,1/24/2018,Wilburt Moden
50,Neque porro quisquam est,1/12/2015,Rae Claworth
51,At vero eos et accusamus et iusto odio dignissimos ducimus qui blanditiis praesentium voluptatum deleniti atque corrupti quos dolores et quas molestias excepturi sint occaecati cupiditate non provident.,12/9/2001,Katrine Mordaunt
52,Lorem ipsum dolor sit amet,11/12/2020,Peyter Crewes
53,Lorem ipsum dolor sit amet,2/13/2011,Victoir Bogays
54,Lorem ipsum dolor sit amet,9/20/2011,Letitia Middlebrook
55,Lorem ipsum dolor sit amet,12/26/2007,Anna-diana Prestney
56,consectetur,11/12/2007,Delores Phonix
57,Sed ut perspiciatis unde omnis iste natus error sit voluptatem accusantium doloremque laudantium.,11/12/2023,Felicle Gledhall
58,Neque porro quisquam est,10/15/2021,Fairlie Kezar
59,adipisci velit...,11/17/2016,Vicky Ciciari
60,consectetur adipiscing elit.,12/20/2011,Brockie Orrow
61,Lorem ipsum dolor sit amet,7/12/2007,Tommie Poulsom
62,consectetur adipiscing elit.,11/4/2008,Mufinella Buss
63,Neque porro quisquam est,9/19/2002,Ruthanne Raulin
64,Lorem ipsum dolor sit amet,5/31/2013,Domeniga Semon
65,consectetur adipiscing elit.,12/10/2009,Corabella Hurley
66,Sed ut perspiciatis unde omnis iste natus error sit voluptatem accusantium doloremque laudantium.,12/24/2020,Anatollo Woakes
67,Lorem ipsum dolor sit amet,7/31/2013,Dicky MacGauhy
68,Neque porro quisquam est,8/22/2003,Artemus Axon
69,Lorem ipsum dolor sit amet,6/30/2001,Helena Chantillon
70,consectetur,5/13/2004,Hort Perez
71,adipisci velit...,12/15/2007,Min Fearey
72,At vero eos et accusamus et iusto odio dignissimos ducimus qui blanditiis praesentium voluptatum deleniti atque corrupti quos dolores et quas molestias excepturi sint occaecati cupiditate non provident.,10/14/2001,Garold Excell
73,qui dolorem ipsum quia dolor sit amet,4/10/2014,Burch Divell
74,adipisci velit...,10/23/2005,Meredithe Scadding
75,consectetur,10/8/2018,Linnie Ateridge
76,Lorem ipsum dolor sit amet,5/6/2009,Emery Janz
77,consectetur adipiscing elit.,6/23/2007,Livy Northcliffe
78,Neque porro quisquam est,7/4/2016,Cornela Shew
79,Sed ut perspiciatis unde omnis iste natus error sit voluptatem accusantium doloremque laudantium.,4/15/2003,Tudor McPherson
80,adipisci velit...,11/24/2007,Herve Petrolli
81,adipisci velit...,9/12/2012,Harrison Poluzzi
82,qui dolorem ipsum quia dolor sit amet,12/7/2021,Scarlet Cristofvao
83,qui dolorem ipsum quia dolor sit amet,8/15/2021,Kore Hooke
84,consectetur,1/16/2017,Helli Alsop
85,Lorem ipsum dolor sit amet,10/29/2014,Zak Tesseyman
86,consectetur adipiscing elit.,11/1/2009,Eileen Earles
87,qui dolorem ipsum quia dolor sit amet,1/26/2011,Albert Avramov
88,qui dolorem ipsum quia dolor sit amet,4/21/2019,Barn Henighan
89,qui dolorem ipsum quia dolor sit amet,5/18/2022,Ludovico Crosher
90,consectetur adipiscing elit.,11/11/2000,Gib Coleford
91,Lorem ipsum dolor sit amet,7/21/2017,Peyter Powling
92,consectetur,8/18/2004,Clovis Berzons
93,At vero eos et accusamus et iusto odio dignissimos ducimus qui blanditiis praesentium voluptatum deleniti atque corrupti quos dolores et quas molestias excepturi sint occaecati cupiditate non provident.,5/2/2019,Dorothea Forster
94,qui dolorem ipsum quia dolor sit amet,7/18/2023,Homer Cerro
95,consectetur,4/16/2014,Valentino Follit
96,Neque porro quisquam est,9/11/2020,Amos Maskelyne
97,qui dolorem ipsum quia dolor sit amet,10/30/2014,Odetta Dudenie
98,Lorem ipsum dolor sit amet,3/23/2023,Cathleen Boullin
99,At vero eos et accusamus et iusto odio dignissimos ducimus qui blanditiis praesentium voluptatum deleniti atque corrupti quos dolores et quas molestias excepturi sint occaecati cupiditate non provident.,11/27/2007,Westley Oakwood
100,Neque porro quisquam est,9/16/2012,Chic Roggieri
101,qui dolorem ipsum quia dolor sit amet,12/21/2007,Ambrosi Derl
102,adipisci velit...,1/5/2019,Somerset Bartholomaus
103,Lorem ipsum dolor sit amet,6/3/2023,Robers Samudio
104,Lorem ipsum dolor sit amet,11/20/2004,Demetris Mosen
105,qui dolorem ipsum quia dolor sit amet,9/8/2017,Hiram Raoux
106,qui dolorem ipsum quia dolor sit amet,5/9/2010,Ofilia Blaszczynski
107,consectetur,8/14/2014,Deanne Bliben
108,Sed ut perspiciatis unde omnis iste natus error sit voluptatem accusantium doloremque laudantium.,10/17/2019,Ravid Andrivot
109,consectetur adipiscing elit.,3/3/2013,Jaquith Fayerman
110,adipisci velit...,4/10/2012,Amelina Pobjoy
111,qui dolorem ipsum quia dolor sit amet,8/17/2008,Lorette Dungee
112,At vero eos et accusamus et iusto odio dignissimos ducimus qui blanditiis praesentium voluptatum deleniti atque corrupti quos dolores et quas molestias excepturi sint occaecati cupiditate non provident.,6/29/2012,Dory Rudsdell
113,consectetur adipiscing elit.,12/28/2003,Vivian Oldfield
114,Lorem ipsum dolor sit amet,7/24/2001,Louise Polden
115,qui dolorem ipsum quia dolor sit amet,9/16/2011,Anselm Doleman
116,consectetur adipiscing elit.,2/19/2002,Minetta Ingon
117,Lorem ipsum dolor sit amet,1/13/2006,Theda Hugenin
118,consectetur adipiscing elit.,11/7/2016,Mildrid Inwood
119,consectetur adipiscing elit.,10/4/2015,Zorina Insley
120,At vero eos et accusamus et iusto odio dignissimos ducimus qui blanditiis praesentium voluptatum deleniti atque corrupti quos dolores et quas molestias excepturi sint occaecati cupiditate non provident.,3/10/2004,Reynolds Chastey
121,At vero eos et accusamus et iusto odio dignissimos ducimus qui blanditiis praesentium voluptatum deleniti atque corrupti quos dolores et quas molestias excepturi sint occaecati cupiditate non provident.,11/28/2019,Wade Longmaid
122,consectetur,8/24/2013,Melita Hulstrom
123,Sed ut perspiciatis unde omnis iste natus error sit voluptatem accusantium doloremque laudantium.,9/4/2007,Ebenezer Van Halle
124,adipisci velit...,1/13/2019,Buckie Kingscote
125,Neque porro quisquam est,3/18/2020,Lee Mitchelson
126,At vero eos et accusamus et iusto odio dignissimos ducimus qui blanditiis praesentium voluptatum deleniti atque corrupti quos dolores et quas molestias excepturi sint occaecati cupiditate non provident.,8/12/2007,Melody Guiot
127,Lorem ipsum dolor sit amet,2/1/2014,Clair Folkard
128,Lorem ipsum dolor sit amet,5/22/2007,Lois Wrigley
129,Lorem ipsum dolor sit amet,3/5/2009,Deni Lantry
130,qui dolorem ipsum quia dolor sit amet,3/26/2023,Eryn Alcock
131,consectetur adipiscing elit.,8/30/2013,Edmon Silley
132,Sed ut perspiciatis unde omnis iste natus error sit voluptatem accusantium doloremque laudantium.,1/1/2001,Elston Tschersich
133,Sed ut perspiciatis unde omnis iste natus error sit voluptatem accusantium doloremque laudantium.,8/20/2010,Farrah O'Dunneen
134,Sed ut perspiciatis unde omnis iste natus error sit voluptatem accusantium doloremque laudantium.,4/14/2005,Izabel Loody
135,adipisci velit...,12/1/2015,Michel Aspin
136,Sed ut perspiciatis unde omnis iste natus error sit voluptatem accusantium doloremque laudantium.,9/14/2001,Ogden Yuille
137,Lorem ipsum dolor sit amet,8/18/2007,Ara O'Geaney
138,qui dolorem ipsum quia dolor sit amet,2/27/2014,Heath Von Der Empten
139,qui dolorem ipsum quia dolor sit amet,1/23/2006,Kleon Knowlden
140,Sed ut perspiciatis unde omnis iste natus error sit voluptatem accusantium doloremque laudantium.,8/10/2007,Berke Haddrill
141,Neque porro quisquam est,11/22/2009,Dorey Samsonsen
142,qui dolorem ipsum quia dolor sit amet,4/24/2020,Bill Playhill
143,consectetur,9/13/2003,Klement Dawe
144,Neque porro quisquam est,11/23/2009,Gusti Schach
145,qui dolorem ipsum quia dolor sit amet,5/27/2005,Dorree Sudell
146,consectetur,6/24/2009,Don Dolden
147,consectetur adipiscing elit.,4/18/2007,Cristabel Mathey
148,qui dolorem ipsum quia dolor sit amet,9/23/2003,Jarad Duncan
149,Sed ut perspiciatis unde omnis iste natus error sit voluptatem accusantium doloremque laudantium.,9/13/2013,Sheryl Vasilov
150,At vero eos et accusamus et iusto odio dignissimos ducimus qui blanditiis praesentium voluptatum deleniti atque corrupti quos dolores et quas molestias excepturi sint occaecati cupiditate non provident.,9/29/2020,Cristina Frowing
151,consectetur,11/28/2007,Denys Skelly
152,Neque porro quisquam est,7/24/2001,Audrey Danher
153,Lorem ipsum dolor sit amet,11/26/2023,Mirabel Vause
154,Lorem ipsum dolor sit amet,12/6/2017,Royall Leele
155,Sed ut perspiciatis unde omnis iste natus error sit voluptatem accusantium doloremque laudantium.,4/22/2007,Silvain Loxton
156,At vero eos et accusamus et iusto odio dignissimos ducimus qui blanditiis praesentium voluptatum deleniti atque corrupti quos dolores et quas molestias excepturi sint occaecati cupiditate non provident.,9/22/2007,Kessia Baake
157,Lorem ipsum dolor sit amet,5/23/2008,Ofelia O'Halleghane
158,Sed ut perspiciatis unde omnis iste natus error sit voluptatem accusantium doloremque laudantium.,11/17/2022,Jasmine Klulicek
159,Sed ut perspiciatis unde omnis iste natus error sit voluptatem accusantium doloremque laudantium.,6/14/2007,Verney Janczyk
160,Neque porro quisquam est,3/29/2012,Bord Kington
161,consectetur,5/3/2020,Zack Yarnley
162,consectetur,12/30/2004,Jordanna Breyt
163,Sed ut perspiciatis unde omnis iste natus error sit voluptatem accusantium doloremque laudantium.,4/11/2000,Mariam Jedrzejewicz
164,Lorem ipsum dolor sit amet,1/6/2014,Kienan Kyneton
165,adipisci velit...,11/25/2015,Sayre Gawler
166,Lorem ipsum dolor sit amet,9/5/2012,Chrissie Banfield
167,Lorem ipsum dolor sit amet,12/16/2010,Ingunna Stothert
168,adipisci velit...,6/10/2015,Aida Temperley
169,Lorem ipsum dolor sit amet,5/18/2016,Elisabet Stripp
170,At vero eos et accusamus et iusto odio dignissimos ducimus qui blanditiis praesentium voluptatum deleniti atque corrupti quos dolores et quas molestias excepturi sint occaecati cupiditate non provident.,3/1/2022,Regan Devlin
171,Lorem ipsum dolor sit amet,4/10/2001,Maud McClosh
172,At vero eos et accusamus et iusto odio dignissimos ducimus qui blanditiis praesentium voluptatum deleniti atque corrupti quos dolores et quas molestias excepturi sint occaecati cupiditate non provident.,7/13/2001,Roxane Stavers
173,qui dolorem ipsum quia dolor sit amet,11/22/2013,Gilda Hartzogs
174,consectetur,10/7/2000,Ali Huguenet
175,consectetur,3/8/2001,Kial Cobelli
176,consectetur,5/29/2017,Jarrod Hayto
177,Lorem ipsum dolor sit amet,1/26/2007,Jabez Dionsetto
178,qui dolorem ipsum quia dolor sit amet,1/24/2007,Ody Linguard
179,Neque porro quisquam est,11/29/2022,Zak Josef
180,At vero eos et accusamus et iusto odio dignissimos ducimus qui blanditiis praesentium voluptatum deleniti atque corrupti quos dolores et quas molestias excepturi sint occaecati cupiditate non provident.,9/19/2002,Sonnie Hinzer
181,qui dolorem ipsum quia dolor sit amet,5/19/2003,Nicola Jachimak
182,Lorem ipsum dolor sit amet,10/8/2021,Cale Nuttall
183,adipisci velit...,2/6/2013,Vannie Pippin
184,consectetur adipiscing elit.,7/1/2004,Pippy Margetts
185,consectetur adipiscing elit.,7/29/2007,Aubrette Yeats
186,Lorem ipsum dolor sit amet,9/23/2014,Dosi Tedahl
187,Lorem ipsum dolor sit amet,3/13/2019,Lee Toop
188,consectetur adipiscing elit.,4/1/2021,Nicholle Dicken
189,Sed ut perspiciatis unde omnis iste natus error sit voluptatem accusantium doloremque laudantium.,10/29/2000,Brocky Ephgrave
190,qui dolorem ipsum quia dolor sit amet,6/10/2019,Jereme Ridwood
191,qui dolorem ipsum quia dolor sit amet,9/12/2012,Margaret Scammonden
192,Neque porro quisquam est,6/3/2000,Lind Cordeau]
193,qui dolorem ipsum quia dolor sit amet,4/16/2016,Sib Tinan
194,Sed ut perspiciatis unde omnis iste natus error sit voluptatem accusantium doloremque laudantium.,10/8/2016,Leia O'Brollachain
195,consectetur adipiscing elit.,7/3/2023,Rhodia Beste
196,consectetur,1/3/2007,Aridatha Moizer
197,consectetur,10/29/2013,Clive Evesque
198,qui dolorem ipsum quia dolor sit amet,7/22/2022,Halimeda Bowditch
199,consectetur adipiscing elit.,2/15/2020,Rebekah De Carolis
200,At vero eos et accusamus et iusto odio dignissimos ducimus qui blanditiis praesentium voluptatum deleniti atque corrupti quos dolores et quas molestias excepturi sint occaecati cupiditate non provident.,4/3/2023,Marti Dimnage
201,At vero eos et accusamus et iusto odio dignissimos ducimus qui blanditiis praesentium voluptatum deleniti atque corrupti quos dolores et quas molestias excepturi sint occaecati cupiditate non provident.,10/8/2019,Ronald Rolling
202,Neque porro quisquam est,1/9/2007,Adrian Crowder
203,At vero eos et accusamus et iusto odio dignissimos ducimus qui blanditiis praesentium voluptatum deleniti atque corrupti quos dolores et quas molestias excepturi sint occaecati cupiditate non provident.,4/29/2020,Maressa Hellewell
204,qui dolorem ipsum quia dolor sit amet,5/11/2006,Anatollo Winson
205,qui dolorem ipsum quia dolor sit amet,10/4/2003,Frazer Godber
206,At vero eos et accusamus et iusto odio dignissimos ducimus qui blanditiis praesentium voluptatum deleniti atque corrupti quos dolores et quas molestias excepturi sint occaecati cupiditate non provident.,2/13/2008,Sylvia Belleny
207,Neque porro quisquam est,4/4/2020,Tina Hyland
208,adipisci velit...,6/22/2020,Marsiella Urien
209,qui dolorem ipsum quia dolor sit amet,7/18/2005,Jami Sutherel
210,qui dolorem ipsum quia dolor sit amet,7/10/2010,Ryann Maylard
211,Neque porro quisquam est,5/20/2013,Israel Aleksich
212,qui dolorem ipsum quia dolor sit amet,10/21/2005,Luelle Grimsdale
213,consectetur,11/3/2008,Garrek Goare
214,qui dolorem ipsum quia dolor sit amet,3/4/2013,Dani McCathy
215,consectetur,4/13/2013,Charil Beves
216,consectetur,5/6/2018,Vinni Champion
217,qui dolorem ipsum quia dolor sit amet,12/21/2009,Reuven Matthiae
218,consectetur adipiscing elit.,8/24/2018,Milena Hulles
219,At vero eos et accusamus et iusto odio dignissimos ducimus qui blanditiis praesentium voluptatum deleniti atque corrupti quos dolores et quas molestias excepturi sint occaecati cupiditate non provident.,11/4/2018,Zorana McAllan
220,Neque porro quisquam est,6/16/2008,Clevie Comar
221,consectetur adipiscing elit.,8/12/2017,Lothario Alan
222,Neque porro quisquam est,11/20/2012,Cal Zamudio
223,adipisci velit...,5/8/2004,Lezlie Aberkirdo
224,Lorem ipsum dolor sit amet,9/11/2020,Pauli Sissens
225,Neque porro quisquam est,3/6/2000,Meggi Afonso
226,consectetur adipiscing elit.,8/4/2005,Janeen Olekhov
227,Lorem ipsum dolor sit amet,11/27/2004,Hertha Searight
228,qui dolorem ipsum quia dolor sit amet,3/20/2005,Maura Corbet
229,Sed ut perspiciatis unde omnis iste natus error sit voluptatem accusantium doloremque laudantium.,8/19/2020,Ilse Olivello
230,consectetur adipiscing elit.,2/14/2018,Gates Parsell
231,Neque porro quisquam est,6/25/2013,Sydelle Passingham
232,consectetur adipiscing elit.,7/28/2023,Cleveland Hebdon
233,Lorem ipsum dolor sit amet,4/24/2001,Olenka Wedmore
234,Neque porro quisquam est,3/28/2021,Talya Alberts
235,qui dolorem ipsum quia dolor sit amet,9/10/2011,Galvan Elmes
236,At vero eos et accusamus et iusto odio dignissimos ducimus qui blanditiis praesentium voluptatum deleniti atque corrupti quos dolores et quas molestias excepturi sint occaecati cupiditate non provident.,6/21/2023,Tades Canter
237,Lorem ipsum dolor sit amet,4/14/2012,Enriqueta Gookey
238,adipisci velit...,1/4/2023,Eugen Kulas
239,consectetur adipiscing elit.,7/17/2004,Lenee Robjohns
240,consectetur,4/12/2014,Netty Vaudrey
241,At vero eos et accusamus et iusto odio dignissimos ducimus qui blanditiis praesentium voluptatum deleniti atque corrupti quos dolores et quas molestias excepturi sint occaecati cupiditate non provident.,1/26/2007,Giorgio Quesne
242,adipisci velit...,6/1/2000,Latrina Maith
243,qui dolorem ipsum quia dolor sit amet,2/7/2023,Amalea Grishenkov
244,At vero eos et accusamus et iusto odio dignissimos ducimus qui blanditiis praesentium voluptatum deleniti atque corrupti quos dolores et quas molestias excepturi sint occaecati cupiditate non provident.,2/10/2012,Melina Zappel
245,Sed ut perspiciatis unde omnis iste natus error sit voluptatem accusantium doloremque laudantium.,8/6/2023,Benjamen Ropartz
246,adipisci velit...,10/12/2012,Giralda Pickaver
247,Lorem ipsum dolor sit amet,3/15/2005,Trina Millichap
248,At vero eos et accusamus et iusto odio dignissimos ducimus qui blanditiis praesentium voluptatum deleniti atque corrupti quos dolores et quas molestias excepturi sint occaecati cupiditate non provident.,3/18/2016,Paquito Bulle
249,consectetur adipiscing elit.,2/3/2023,Stanfield Pellant
250,Neque porro quisquam est,7/27/2011,Tessy Gaskamp
251,Neque porro quisquam est,5/25/2009,Freeland Andrew
252,consectetur,3/14/2008,Veriee Braime
253,qui dolorem ipsum quia dolor sit amet,6/18/2014,Arda Troyes
254,adipisci velit...,9/12/2001,Otha O'Kerin
255,Lorem ipsum dolor sit amet,11/22/2007,Tamra Lanegran
256,Sed ut perspiciatis unde omnis iste natus error sit voluptatem accusantium doloremque laudantium.,5/11/2004,Krissie Eschalotte
257,consectetur,10/30/2000,Hermann Manders
258,Lorem ipsum dolor sit amet,1/2/2010,Maddy Hatry
259,consectetur adipiscing elit.,2/11/2021,Sherri Cahalin
260,Neque porro quisquam est,11/26/2010,Jonie Crepel
261,At vero eos et accusamus et iusto odio dignissimos ducimus qui blanditiis praesentium voluptatum deleniti atque corrupti quos dolores et quas molestias excepturi sint occaecati cupiditate non provident.,5/28/2005,Cassy Rubury
262,qui dolorem ipsum quia dolor sit amet,3/21/2011,Courtnay Piffe
263,consectetur,2/13/2020,Marna Talmadge
264,Neque porro quisquam est,1/28/2003,Georgette Sarrell
265,Neque porro quisquam est,7/8/2009,Lynnette Le Monnier
266,qui dolorem ipsum quia dolor sit amet,7/6/2019,Jessie Szreter
267,qui dolorem ipsum quia dolor sit amet,5/4/2015,Wilburt Wicklen
268,At vero eos et accusamus et iusto odio dignissimos ducimus qui blanditiis praesentium voluptatum deleniti atque corrupti quos dolores et quas molestias excepturi sint occaecati cupiditate non provident.,8/9/2006,Dennie Brugmann
269,Lorem ipsum dolor sit amet,2/2/2021,Elena Gell
270,consectetur,5/26/2007,Adelind Crighton
271,Sed ut perspiciatis unde omnis iste natus error sit voluptatem accusantium doloremque laudantium.,11/15/2015,Elyn Thamelt
272,Sed ut perspiciatis unde omnis iste natus error sit voluptatem accusantium doloremque laudantium.,11/29/2006,Amberly Lanyon
273,adipisci velit...,1/25/2016,Maurizia Pattingson
274,Sed ut perspiciatis unde omnis iste natus error sit voluptatem accusantium doloremque laudantium.,1/31/2004,Kristy Bartosch
275,consectetur,8/8/2019,Ashleigh Thornewell
276,At vero eos et accusamus et iusto odio dignissimos ducimus qui blanditiis praesentium voluptatum deleniti atque corrupti quos dolores et quas molestias excepturi sint occaecati cupiditate non provident.,6/2/2005,Morgen Romao
277,Sed ut perspiciatis unde omnis iste natus error sit voluptatem accusantium doloremque laudantium.,1/17/2005,Alexine Billborough
278,adipisci velit...,7/18/2023,Emilee Finnan
279,Lorem ipsum dolor sit amet,8/13/2023,Maud Doge
280,Lorem ipsum dolor sit amet,4/28/2000,Marta Pembery
281,Lorem ipsum dolor sit amet,7/16/2016,Davis Carlsson
282,consectetur adipiscing elit.,12/8/2000,Zaneta Scranedge
283,consectetur adipiscing elit.,6/8/2004,Johnette Djurkovic
284,At vero eos et accusamus et iusto odio dignissimos ducimus qui blanditiis praesentium voluptatum deleniti atque corrupti quos dolores et quas molestias excepturi sint occaecati cupiditate non provident.,6/4/2016,Isis Swainston
285,adipisci velit...,1/9/2019,Boigie Eynaud
286,adipisci velit...,11/27/2021,Lilly Entres
287,consectetur adipiscing elit.,12/15/2008,Lenee Beauly
288,consectetur,6/24/2007,Packston Duddan
289,consectetur,1/31/2017,Ciro Ubank
290,consectetur adipiscing elit.,6/11/2018,Hanni Raynor
291,Neque porro quisquam est,5/26/2004,Shelley Bagehot
292,qui dolorem ipsum quia dolor sit amet,12/29/2019,Ally Monday
293,adipisci velit...,5/26/2020,Gabriello Briars
294,Neque porro quisquam est,12/27/2016,Viva Trevon
295,consectetur,3/1/2012,Austine Bowen
296,consectetur adipiscing elit.,7/20/2013,Val Van Dale
297,Lorem ipsum dolor sit amet,2/11/2009,Anneliese Rediers
298,consectetur,3/30/2017,Evered Malenfant
299,Neque porro quisquam est,1/3/2009,Branden McCerery
300,At vero eos et accusamus et iusto odio dignissimos ducimus qui blanditiis praesentium voluptatum deleniti atque corrupti quos dolores et quas molestias excepturi sint occaecati cupiditate non provident.,4/7/2008,Reamonn Dando
301,Neque porro quisquam est,7/11/2004,Conway Baiyle
302,At vero eos et accusamus et iusto odio dignissimos ducimus qui blanditiis praesentium voluptatum deleniti atque corrupti quos dolores et quas molestias excepturi sint occaecati cupiditate non provident.,3/5/2019,Joane MacCurlye
303,Neque porro quisquam est,12/9/2010,Eduard Dillinger
304,consectetur,2/6/2010,Nance Saiz
305,Lorem ipsum dolor sit amet,7/8/2019,Krysta Dunhill
306,consectetur,3/1/2008,Myrna Hagergham
307,At vero eos et accusamus et iusto odio dignissimos ducimus qui blanditiis praesentium voluptatum deleniti atque corrupti quos dolores et quas molestias excepturi sint occaecati cupiditate non provident.,11/13/2023,George Backe
308,Neque porro quisquam est,3/31/2003,Becka McAvinchey
309,consectetur,11/7/2009,Padriac Reisenstein
310,At vero eos et accusamus et iusto odio dignissimos ducimus qui blanditiis praesentium voluptatum deleniti atque corrupti quos dolores et quas molestias excepturi sint occaecati cupiditate non provident.,5/19/2017,De witt Prendergrast
311,qui dolorem ipsum quia dolor sit amet,10/15/2013,Honor Simcoe
312,qui dolorem ipsum quia dolor sit amet,8/5/2012,Corri Crowcombe
313,Neque porro quisquam est,3/23/2016,Marion McCarlich
314,adipisci velit...,2/5/2007,Yorke Baugham
315,Neque porro quisquam est,5/26/2021,Correy Luberto
316,Sed ut perspiciatis unde omnis iste natus error sit voluptatem accusantium doloremque laudantium.,10/25/2010,Alfons Scollard
317,qui dolorem ipsum quia dolor sit amet,11/2/2018,Correy Bertin
318,At vero eos et accusamus et iusto odio dignissimos ducimus qui blanditiis praesentium voluptatum deleniti atque corrupti quos dolores et quas molestias excepturi sint occaecati cupiditate non provident.,12/27/2009,Kirsteni Hazelgrove
319,Lorem ipsum dolor sit amet,1/28/2020,Maureene Veitch
320,qui dolorem ipsum quia dolor sit amet,3/12/2014,Grissel Cassius
321,Neque porro quisquam est,2/29/2000,Fidelio Hefferan
322,adipisci velit...,2/12/2002,Blondell Cayle
323,Neque porro quisquam est,11/27/2016,Harli Heald
324,Lorem ipsum dolor sit amet,3/7/2004,Cynthia Luke
325,qui dolorem ipsum quia dolor sit amet,5/28/2010,Kial Fibbit
326,At vero eos et accusamus et iusto odio dignissimos ducimus qui blanditiis praesentium voluptatum deleniti atque corrupti quos dolores et quas molestias excepturi sint occaecati cupiditate non provident.,9/23/2013,Jaine Cottingham
327,Sed ut perspiciatis unde omnis iste natus error sit voluptatem accusantium doloremque laudantium.,7/21/2014,Shellysheldon Lathleiffure
328,Lorem ipsum dolor sit amet,11/2/2023,Rey Agott
329,consectetur,4/22/2014,Beitris Haensel
330,qui dolorem ipsum quia dolor sit amet,9/5/2014,Prentiss Fulleylove
331,Sed ut perspiciatis unde omnis iste natus error sit voluptatem accusantium doloremque laudantium.,7/30/2013,Ilysa Comini
332,Lorem ipsum dolor sit amet,10/29/2006,Burt Szwandt
333,qui dolorem ipsum quia dolor sit amet,10/27/2021,Onfroi Conklin
334,Lorem ipsum dolor sit amet,9/25/2003,Nefen Emilien
335,consectetur adipiscing elit.,8/5/2014,Alexina Frie
336,At vero eos et accusamus et iusto odio dignissimos ducimus qui blanditiis praesentium voluptatum deleniti atque corrupti quos dolores et quas molestias excepturi sint occaecati cupiditate non provident.,4/21/2004,Cos Spikins
337,qui dolorem ipsum quia dolor sit amet,10/15/2022,Lynett Traylen
338,Sed ut perspiciatis unde omnis iste natus error sit voluptatem accusantium doloremque laudantium.,1/23/2022,Stephie Shuttlewood
339,consectetur,11/16/2000,Leola Dysart
340,consectetur,10/11/2014,Merna Spieck
341,At vero eos et accusamus et iusto odio dignissimos ducimus qui blanditiis praesentium voluptatum deleniti atque corrupti quos dolores et quas molestias excepturi sint occaecati cupiditate non provident.,12/23/2015,Annabell Currin
342,Neque porro quisquam est,3/5/2022,Rubie McKinney
343,qui dolorem ipsum quia dolor sit amet,3/10/2016,Banky Cradick
344,consectetur adipiscing elit.,8/4/2018,Drugi Stellman
345,adipisci velit...,11/12/2004,Lorettalorna Gilfillan
346,Lorem ipsum dolor sit amet,9/4/2014,Inness Hazzard
347,Lorem ipsum dolor sit amet,2/16/2006,Austin Dietsche
348,At vero eos et accusamus et iusto odio dignissimos ducimus qui blanditiis praesentium voluptatum deleniti atque corrupti quos dolores et quas molestias excepturi sint occaecati cupiditate non provident.,1/10/2001,Falkner O'Geaney
349,Lorem ipsum dolor sit amet,6/8/2019,Cordula Wrennall
350,qui dolorem ipsum quia dolor sit amet,5/25/2005,Augy Dofty
351,Lorem ipsum dolor sit amet,7/27/2013,Howey Hyde
352,adipisci velit...,8/7/2019,Janine Petrichat
353,Neque porro quisquam est,9/13/2002,Kariotta Humpherson
354,Lorem ipsum dolor sit amet,6/4/2019,Traci Ledwith
355,Lorem ipsum dolor sit amet,9/20/2008,Jule Steuhlmeyer
356,adipisci velit...,7/4/2020,Rosita Fountian
357,consectetur adipiscing elit.,2/15/2014,Florance Tait
358,qui dolorem ipsum quia dolor sit amet,11/23/2019,Ches Stairs
359,Neque porro quisquam est,7/13/2015,Derron Heffy
360,Neque porro quisquam est,8/16/2000,Nana Repper
361,Sed ut perspiciatis unde omnis iste natus error sit voluptatem accusantium doloremque laudantium.,1/28/2004,Mead Bantham
362,At vero eos et accusamus et iusto odio dignissimos ducimus qui blanditiis praesentium voluptatum deleniti atque corrupti quos dolores et quas molestias excepturi sint occaecati cupiditate non provident.,4/3/2017,Tad Margrem
363,Sed ut perspiciatis unde omnis iste natus error sit voluptatem accusantium doloremque laudantium.,8/16/2009,Charmain Cescotti
364,adipisci velit...,7/26/2000,Ardine Mathiassen
365,Sed ut perspiciatis unde omnis iste natus error sit voluptatem accusantium doloremque laudantium.,3/15/2016,Riane Youle
366,consectetur adipiscing elit.,2/9/2006,Will Banbrook
367,Lorem ipsum dolor sit amet,2/11/2016,Ashia Beadel
368,adipisci velit...,4/8/2023,Marley Roof
369,qui dolorem ipsum quia dolor sit amet,5/8/2014,Eunice Rosenau
370,adipisci velit...,11/17/2020,Orlan Benmore
371,consectetur,12/14/2018,Ewen Franke
372,consectetur,6/15/2006,Vasilis Fumagallo
373,adipisci velit...,5/4/2008,Britteny Copozio
374,At vero eos et accusamus et iusto odio dignissimos ducimus qui blanditiis praesentium voluptatum deleniti atque corrupti quos dolores et quas molestias excepturi sint occaecati cupiditate non provident.,12/2/2003,Kellie Cuckson
375,consectetur adipiscing elit.,4/8/2017,Andreana Haste
376,Neque porro quisquam est,4/26/2000,Arlen Commins
377,qui dolorem ipsum quia dolor sit amet,12/12/2019,Francyne Adelman
378,Neque porro quisquam est,4/10/2016,Fay Delwater
379,Sed ut perspiciatis unde omnis iste natus error sit voluptatem accusantium doloremque laudantium.,9/9/2007,Winnah Hiseman
380,Lorem ipsum dolor sit amet,10/4/2011,Bertie Von Hindenburg
381,qui dolorem ipsum quia dolor sit amet,11/20/2020,Christoffer Sperling
382,adipisci velit...,5/7/2011,Todd Arias
383,consectetur,2/20/2002,Kincaid Witherby
384,Neque porro quisquam est,12/12/1999,Cassaundra Elcock
385,adipisci velit...,4/17/2012,Darya McDermott-Row
386,consectetur adipiscing elit.,3/16/2022,Zia Bartholat
387,adipisci velit...,7/21/2023,Wallie Harling
388,consectetur adipiscing elit.,2/3/2011,Malena Ivatts
389,consectetur,12/10/2008,Mignon Peres
390,Neque porro quisquam est,9/23/2015,Rice Barracks
391,Neque porro quisquam est,11/14/2005,Orville Castellanos
392,qui dolorem ipsum quia dolor sit amet,5/2/2017,Neron Carty
393,Neque porro quisquam est,3/10/2017,Shellysheldon Entres
394,qui dolorem ipsum quia dolor sit amet,8/20/2020,Vonny Portam
395,Sed ut perspiciatis unde omnis iste natus error sit voluptatem accusantium doloremque laudantium.,2/8/2008,Loydie Lealle
396,Lorem ipsum dolor sit amet,6/15/2010,Esmaria Veazey
397,At vero eos et accusamus et iusto odio dignissimos ducimus qui blanditiis praesentium voluptatum deleniti atque corrupti quos dolores et quas molestias excepturi sint occaecati cupiditate non provident.,10/30/2019,Linell Heskey
398,consectetur adipiscing elit.,11/13/2011,Corilla Haffard
399,qui dolorem ipsum quia dolor sit amet,10/19/2002,Phillipp Whaplington
400,Sed ut perspiciatis unde omnis iste natus error sit voluptatem accusantium doloremque laudantium.,8/24/2012,Justina Schwier
401,adipisci velit...,7/31/2005,Gerianne Reinger
402,Neque porro quisquam est,10/16/2008,Rodrick Hoopper
403,qui dolorem ipsum quia dolor sit amet,4/29/2011,Kala Iacovides
404,consectetur,8/5/2017,Emlynne Ingman
405,qui dolorem ipsum quia dolor sit amet,2/16/2005,Marcie Prout
406,Lorem ipsum dolor sit amet,6/11/2016,Henka Gorgl
407,Lorem ipsum dolor sit amet,8/12/2004,Mitchel Borghese
408,Neque porro quisquam est,3/16/2009,Fianna Duffie
409,consectetur adipiscing elit.,12/9/2015,Cosme Reichert
410,consectetur,4/22/2010,Nettle Tuckerman
411,At vero eos et accusamus et iusto odio dignissimos ducimus qui blanditiis praesentium voluptatum deleniti atque corrupti quos dolores et quas molestias excepturi sint occaecati cupiditate non provident.,12/6/2002,Nataniel Jencey
412,Sed ut perspiciatis unde omnis iste natus error sit voluptatem accusantium doloremque laudantium.,10/6/2004,Lilia Dikes
413,consectetur,5/29/2016,Dill Catherall
414,Neque porro quisquam est,12/27/2017,Paco Livingston
415,adipisci velit...,5/1/2006,Margarita Wraith
416,consectetur adipiscing elit.,11/10/2023,Alicia Cottisford
417,consectetur adipiscing elit.,9/4/2022,Niki Strowther
418,Neque porro quisquam est,3/4/2007,Brana Isakowicz
419,At vero eos et accusamus et iusto odio dignissimos ducimus qui blanditiis praesentium voluptatum deleniti atque corrupti quos dolores et quas molestias excepturi sint occaecati cupiditate non provident.,3/6/2018,Katy Bett
420,adipisci velit...,12/1/2003,Essy Rosengart
421,consectetur,5/12/2019,Guthrie Seywood
422,qui dolorem ipsum quia dolor sit amet,11/13/2019,Aurore Creser
423,qui dolorem ipsum quia dolor sit amet,8/24/2016,Rab Featherby
424,consectetur,7/5/2015,Torrence Picton
425,Neque porro quisquam est,1/8/2018,Jasmina Gallelli
426,consectetur adipiscing elit.,3/13/2017,Waylen Attfield
427,consectetur,6/1/2013,Milt Layborn
428,adipisci velit...,2/22/2006,Clarke Larderot
429,Sed ut perspiciatis unde omnis iste natus error sit voluptatem accusantium doloremque laudantium.,12/17/2002,Genvieve Crosbie
430,consectetur,10/24/2005,Bert Antonignetti
431,Lorem ipsum dolor sit amet,10/21/2006,Amby Dulwitch
432,qui dolorem ipsum quia dolor sit amet,11/23/2006,Nadia Bellison
433,adipisci velit...,12/12/2022,Audry Knill
434,Sed ut perspiciatis unde omnis iste natus error sit voluptatem accusantium doloremque laudantium.,9/2/2004,Kore Beames
435,adipisci velit...,8/17/2023,Leigh Putterill
436,qui dolorem ipsum quia dolor sit amet,5/27/2003,Cassandry Bullock
437,consectetur,7/30/2016,Sydelle Gislebert
438,Sed ut perspiciatis unde omnis iste natus error sit voluptatem accusantium doloremque laudantium.,12/26/2009,Marya Dominighi
439,Neque porro quisquam est,4/11/2017,Isidora Minchell
440,adipisci velit...,2/2/2004,Anderea Leverette
441,Sed ut perspiciatis unde omnis iste natus error sit voluptatem accusantium doloremque laudantium.,9/26/2023,Ashlin Kasman
442,Neque porro quisquam est,12/20/2006,Rorke Reims
443,Neque porro quisquam est,4/10/2006,Maressa Gamage
444,Sed ut perspiciatis unde omnis iste natus error sit voluptatem accusantium doloremque laudantium.,9/1/2011,Nona Reed
445,Sed ut perspiciatis unde omnis iste natus error sit voluptatem accusantium doloremque laudantium.,7/10/2020,Haley Glover
446,adipisci velit...,2/25/2015,Constantine Donhardt
447,consectetur adipiscing elit.,5/1/2006,Merwin Levee
448,qui dolorem ipsum quia dolor sit amet,6/23/2001,Tirrell Carlyon
449,consectetur adipiscing elit.,1/3/2000,Andeee Pickford
450,Sed ut perspiciatis unde omnis iste natus error sit voluptatem accusantium doloremque laudantium.,8/11/2004,Abner Underhill
451,qui dolorem ipsum quia dolor sit amet,2/25/2013,Skipton Haffenden
452,adipisci velit...,5/8/2018,Teador Grayling
453,adipisci velit...,4/8/2006,Ashly McCosh
454,Neque porro quisquam est,3/31/2014,Maryjo Jewiss
455,Lorem ipsum dolor sit amet,4/8/2010,Charlton Sellman
456,Sed ut perspiciatis unde omnis iste natus error sit voluptatem accusantium doloremque laudantium.,9/7/2012,Irina Edyson
457,Sed ut perspiciatis unde omnis iste natus error sit voluptatem accusantium doloremque laudantium.,11/8/2001,Bartram Hurley
458,At vero eos et accusamus et iusto odio dignissimos ducimus qui blanditiis praesentium voluptatum deleniti atque corrupti quos dolores et quas molestias excepturi sint occaecati cupiditate non provident.,3/15/2020,Christin Genge
459,consectetur,7/3/2014,Allegra Belcham
460,qui dolorem ipsum quia dolor sit amet,7/14/2023,Pebrook Solley
461,consectetur,12/17/2007,Correy Tolle
462,Neque porro quisquam est,11/7/2007,Korney Blei
463,At vero eos et accusamus et iusto odio dignissimos ducimus qui blanditiis praesentium voluptatum deleniti atque corrupti quos dolores et quas molestias excepturi sint occaecati cupiditate non provident.,8/20/2012,Osbert Mawby
464,Lorem ipsum dolor sit amet,2/5/2000,Charlena Dautry
465,Sed ut perspiciatis unde omnis iste natus error sit voluptatem accusantium doloremque laudantium.,5/19/2005,Stan Budnk
466,At vero eos et accusamus et iusto odio dignissimos ducimus qui blanditiis praesentium voluptatum deleniti atque corrupti quos dolores et quas molestias excepturi sint occaecati cupiditate non provident.,3/27/2013,Dody Hellings
467,At vero eos et accusamus et iusto odio dignissimos ducimus qui blanditiis praesentium voluptatum deleniti atque corrupti quos dolores et quas molestias excepturi sint occaecati cupiditate non provident.,3/18/2002,Paxon Preuvost
468,Sed ut perspiciatis unde omnis iste natus error sit voluptatem accusantium doloremque laudantium.,4/21/2021,Monah Orry
469,consectetur adipiscing elit.,10/15/2020,Fiona Ciccotto
470,Neque porro quisquam est,10/6/2009,Doro Murthwaite
471,At vero eos et accusamus et iusto odio dignissimos ducimus qui blanditiis praesentium voluptatum deleniti atque corrupti quos dolores et quas molestias excepturi sint occaecati cupiditate non provident.,3/10/2007,Merrill Walkden
472,consectetur,7/22/2021,Belva McQuilkin
473,consectetur,2/22/2016,Wadsworth Vernall
474,adipisci velit...,4/30/2008,Aubert Rendle
475,consectetur,2/16/2011,Lay de Lloyd
476,consectetur adipiscing elit.,11/23/2022,Burton Rossoni
477,consectetur adipiscing elit.,1/16/2007,Brooke Goldthorp
478,Neque porro quisquam est,1/22/2021,Arabela Stanyan
479,Neque porro quisquam est,10/23/2002,Marlane Wabb
480,At vero eos et accusamus et iusto odio dignissimos ducimus qui blanditiis praesentium voluptatum deleniti atque corrupti quos dolores et quas molestias excepturi sint occaecati cupiditate non provident.,3/13/2013,Lavinia Albasiny
481,Neque porro quisquam est,12/2/2018,Eilis Monck
482,consectetur adipiscing elit.,9/10/2019,Nancey Souter
483,Sed ut perspiciatis unde omnis iste natus error sit voluptatem accusantium doloremque laudantium.,5/29/2006,Tabbie Pickworth
484,qui dolorem ipsum quia dolor sit amet,10/10/2017,Kayle Oloshkin
485,At vero eos et accusamus et iusto odio dignissimos ducimus qui blanditiis praesentium voluptatum deleniti atque corrupti quos dolores et quas molestias excepturi sint occaecati cupiditate non provident.,12/3/2010,Christoph McKeney
486,consectetur adipiscing elit.,9/6/2018,Tammie Betterton
487,adipisci velit...,11/3/2020,Adina Thornebarrow
488,qui dolorem ipsum quia dolor sit amet,7/22/2023,Cloris Meletti
489,qui dolorem ipsum quia dolor sit amet,12/9/2019,Elvina Kingaby
490,At vero eos et accusamus et iusto odio dignissimos ducimus qui blanditiis praesentium voluptatum deleniti atque corrupti quos dolores et quas molestias excepturi sint occaecati cupiditate non provident.,10/29/2004,Abie Merrington
491,Sed ut perspiciatis unde omnis iste natus error sit voluptatem accusantium doloremque laudantium.,7/26/2015,Luella Kirrens
492,Sed ut perspiciatis unde omnis iste natus error sit voluptatem accusantium doloremque laudantium.,10/8/2010,Edythe Drynan
493,Neque porro quisquam est,3/28/2023,Lida Barlthrop
494,adipisci velit...,11/26/2017,Quinton Sear
495,consectetur adipiscing elit.,7/20/2021,Sibylle McGrouther
496,consectetur adipiscing elit.,12/29/2005,Pieter Jackways
497,consectetur adipiscing elit.,3/13/2010,Chrysler Otterwell
498,consectetur,12/14/2014,Rafferty Towne
499,Sed ut perspiciatis unde omnis iste natus error sit voluptatem accusantium doloremque laudantium.,4/24/2015,Yoshiko Reynolds
500,At vero eos et accusamus et iusto odio dignissimos ducimus qui blanditiis praesentium voluptatum deleniti atque corrupti quos dolores et quas molestias excepturi sint occaecati cupiditate non provident.,6/8/2012,Tori Arboine
501,consectetur,7/18/2022,Harrison Baly
502,Lorem ipsum dolor sit amet,9/30/2005,Barbabas Summers
503,Sed ut perspiciatis unde omnis iste natus error sit voluptatem accusantium doloremque laudantium.,3/31/2009,Dodi Jessett
504,consectetur,12/14/2005,Stormi Aery
505,consectetur adipiscing elit.,5/27/2011,Fleur Brambell
506,Sed ut perspiciatis unde omnis iste natus error sit voluptatem accusantium doloremque laudantium.,11/17/2010,Allys Ramlot
507,Sed ut perspiciatis unde omnis iste natus error sit voluptatem accusantium doloremque laudantium.,9/27/2005,Rad Keyhoe
508,Lorem ipsum dolor sit amet,10/9/2009,Urban Castellini
509,Neque porro quisquam est,2/19/2023,Dimitry Watkiss
510,consectetur,9/29/2010,Delano Takis
511,Sed ut perspiciatis unde omnis iste natus error sit voluptatem accusantium doloremque laudantium.,12/17/2017,Diarmid De Hoogh
512,consectetur,10/1/2021,Cristen Vayro
513,Lorem ipsum dolor sit amet,9/14/2007,Alfonse Fery
514,qui dolorem ipsum quia dolor sit amet,3/26/2017,Kathryn Lambricht
515,qui dolorem ipsum quia dolor sit amet,6/16/2023,Dyana Fydo
516,Lorem ipsum dolor sit amet,11/9/2008,Karylin Caveney
517,Neque porro quisquam est,4/7/2007,Selena Sweedy
518,Sed ut perspiciatis unde omnis iste natus error sit voluptatem accusantium doloremque laudantium.,2/11/2001,Cynthy Plomer
519,Lorem ipsum dolor sit amet,10/10/2003,Lacee Rault
520,Sed ut perspiciatis unde omnis iste natus error sit voluptatem accusantium doloremque laudantium.,8/27/2009,Vin Leates
521,consectetur adipiscing elit.,9/24/2021,Donia Van der Daal
522,Sed ut perspiciatis unde omnis iste natus error sit voluptatem accusantium doloremque laudantium.,3/18/2022,Darci Creddon
523,qui dolorem ipsum quia dolor sit amet,1/28/2018,Walsh Vollam
524,consectetur,3/2/2020,Lauree Hadenton
525,qui dolorem ipsum quia dolor sit amet,12/13/2006,Alasdair Snelle
526,qui dolorem ipsum quia dolor sit amet,4/21/2011,Charline Iaduccelli
527,qui dolorem ipsum quia dolor sit amet,5/28/2002,Husein Garaghan
528,Neque porro quisquam est,3/27/2021,Harland Oleszczak
529,consectetur adipiscing elit.,12/5/2004,Goldarina Malec
530,qui dolorem ipsum quia dolor sit amet,12/12/2015,Ferrel Sjostrom
531,Lorem ipsum dolor sit amet,5/30/2015,Tommie Barreau
532,Neque porro quisquam est,1/17/2011,Joannes Klausewitz
533,adipisci velit...,1/10/2010,Paulo Glanton
534,adipisci velit...,12/10/2001,Jyoti Thunnercliffe
535,Neque porro quisquam est,8/17/2017,Si McDyer
536,Neque porro quisquam est,7/18/2017,Janis Feedham
537,Neque porro quisquam est,6/7/2008,Jarrad Lacase
538,consectetur adipiscing elit.,10/14/2017,Greggory Sholem
539,Neque porro quisquam est,1/6/2011,Farah Behning
540,Lorem ipsum dolor sit amet,5/13/2018,Mignonne Raiman
541,Lorem ipsum dolor sit amet,10/23/2017,Yuri Spens
542,consectetur,11/12/2003,Dell Heaney
543,Sed ut perspiciatis unde omnis iste natus error sit voluptatem accusantium doloremque laudantium.,1/23/2018,Carmine Drawmer
544,Sed ut perspiciatis unde omnis iste natus error sit voluptatem accusantium doloremque laudantium.,7/22/2023,Gisella Hannen
545,adipisci velit...,6/22/2023,Gregoor Bramford
546,qui dolorem ipsum quia dolor sit amet,8/13/2012,Leanna Grushin
547,Lorem ipsum dolor sit amet,3/9/2005,Daron Putman
548,Neque porro quisquam est,10/23/2007,Valene Morales
549,At vero eos et accusamus et iusto odio dignissimos ducimus qui blanditiis praesentium voluptatum deleniti atque corrupti quos dolores et quas molestias excepturi sint occaecati cupiditate non provident.,3/26/2012,Verina Emett
550,consectetur,2/7/2007,Keefe Satteford
551,Sed ut perspiciatis unde omnis iste natus error sit voluptatem accusantium doloremque laudantium.,7/22/2020,Roosevelt Alabaster
552,qui dolorem ipsum quia dolor sit amet,2/16/2009,Deanna Corish
553,adipisci velit...,8/31/2006,Konstanze Benediktovich
554,consectetur adipiscing elit.,6/9/2011,Kimberlyn Francombe
555,Neque porro quisquam est,4/16/2021,Tore Hexter
556,At vero eos et accusamus et iusto odio dignissimos ducimus qui blanditiis praesentium voluptatum deleniti atque corrupti quos dolores et quas molestias excepturi sint occaecati cupiditate non provident.,2/12/2005,Laverne Bolderson
557,consectetur adipiscing elit.,2/19/2000,Carmel Josham
558,consectetur adipiscing elit.,12/25/2011,Gordan Denziloe
559,adipisci velit...,1/22/2004,Si McWhorter
560,adipisci velit...,8/19/2006,Ernaline Hertwell
561,consectetur adipiscing elit.,8/5/2005,Dodie Tatteshall
562,Lorem ipsum dolor sit amet,9/12/2004,Lory Fielden
563,Neque porro quisquam est,6/13/2021,Malchy Benza
564,At vero eos et accusamus et iusto odio dignissimos ducimus qui blanditiis praesentium voluptatum deleniti atque corrupti quos dolores et quas molestias excepturi sint occaecati cupiditate non provident.,8/31/2007,Tyrone GiacobbiniJacob
565,consectetur adipiscing elit.,1/27/2021,Raimondo Apple
566,consectetur,6/9/2019,Lucienne Demeter
567,consectetur adipiscing elit.,10/13/2022,Becca Yewdale
568,At vero eos et accusamus et iusto odio dignissimos ducimus qui blanditiis praesentium voluptatum deleniti atque corrupti quos dolores et quas molestias excepturi sint occaecati cupiditate non provident.,10/10/2019,Marj Dow
569,qui dolorem ipsum quia dolor sit amet,4/4/2016,Gray Sorro
570,adipisci velit...,8/14/2009,Kimbra Laban
571,adipisci velit...,3/9/2017,Kelci Preshaw
572,At vero eos et accusamus et iusto odio dignissimos ducimus qui blanditiis praesentium voluptatum deleniti atque corrupti quos dolores et quas molestias excepturi sint occaecati cupiditate non provident.,2/6/2008,Whitman Muzzlewhite
573,Sed ut perspiciatis unde omnis iste natus error sit voluptatem accusantium doloremque laudantium.,3/18/2000,Lenee Hudless
574,qui dolorem ipsum quia dolor sit amet,6/27/2021,Shaughn Froud
575,Lorem ipsum dolor sit amet,5/7/2004,Dave Klimus
576,consectetur,7/28/2019,Jobyna Raftery
577,At vero eos et accusamus et iusto odio dignissimos ducimus qui blanditiis praesentium voluptatum deleniti atque corrupti quos dolores et quas molestias excepturi sint occaecati cupiditate non provident.,10/12/2003,Bud Restorick
578,consectetur adipiscing elit.,6/28/2021,Osgood Jakubovsky
579,consectetur,5/8/2008,Lucho Standbridge
580,adipisci velit...,1/14/2010,Washington Duckham
581,consectetur adipiscing elit.,5/10/2022,Felicle Deere
582,qui dolorem ipsum quia dolor sit amet,7/12/2013,Gav Ranken
583,adipisci velit...,11/11/2018,Antonino Davidov
584,adipisci velit...,5/9/2004,Bettye Gounod
585,consectetur adipiscing elit.,4/22/2007,Jolynn Storres
586,At vero eos et accusamus et iusto odio dignissimos ducimus qui blanditiis praesentium voluptatum deleniti atque corrupti quos dolores et quas molestias excepturi sint occaecati cupiditate non provident.,7/28/2022,Rooney Ham
587,Sed ut perspiciatis unde omnis iste natus error sit voluptatem accusantium doloremque laudantium.,6/10/2016,Carolina Sloey
588,At vero eos et accusamus et iusto odio dignissimos ducimus qui blanditiis praesentium voluptatum deleniti atque corrupti quos dolores et quas molestias excepturi sint occaecati cupiditate non provident.,6/1/2012,Margalo Fielding
589,qui dolorem ipsum quia dolor sit amet,11/1/2011,Timothy Toohey
590,qui dolorem ipsum quia dolor sit amet,1/18/2003,Becka Larkins
591,Sed ut perspiciatis unde omnis iste natus error sit voluptatem accusantium doloremque laudantium.,6/29/2015,Leonanie Ferries
592,adipisci velit...,8/15/2006,Frannie Lehr
593,consectetur adipiscing elit.,4/16/2000,Alexandrina Pacquet
594,At vero eos et accusamus et iusto odio dignissimos ducimus qui blanditiis praesentium voluptatum deleniti atque corrupti quos dolores et quas molestias excepturi sint occaecati cupiditate non provident.,4/18/2008,Rosabella Cuthbert
595,qui dolorem ipsum quia dolor sit amet,9/30/2018,Perri Houseman
596,Sed ut perspiciatis unde omnis iste natus error sit voluptatem accusantium doloremque laudantium.,6/28/2016,Madison Bullon
597,adipisci velit...,3/22/2012,Rutherford Karel
598,adipisci velit...,3/25/2003,Kasey Yesenin
599,qui dolorem ipsum quia dolor sit amet,10/25/2023,Katerina McAnulty
600,consectetur adipiscing elit.,4/7/2010,Phillida Davidsen
601,Lorem ipsum dolor sit amet,4/11/2007,Ayn Biever
602,At vero eos et accusamus et iusto odio dignissimos ducimus qui blanditiis praesentium voluptatum deleniti atque corrupti quos dolores et quas molestias excepturi sint occaecati cupiditate non provident.,9/1/2020,Dyanna Dybald
603,qui dolorem ipsum quia dolor sit amet,5/27/2010,Jorge Niemiec
604,Lorem ipsum dolor sit amet,1/25/2007,Barbara Hasselby
605,consectetur adipiscing elit.,1/14/2021,Victoria Rumbellow
606,adipisci velit...,6/20/2010,Grazia Custance
607,consectetur,10/31/2010,Luci Waldie
608,At vero eos et accusamus et iusto odio dignissimos ducimus qui blanditiis praesentium voluptatum deleniti atque corrupti quos dolores et quas molestias excepturi sint occaecati cupiditate non provident.,4/26/2012,Corilla Kibbel
609,At vero eos et accusamus et iusto odio dignissimos ducimus qui blanditiis praesentium voluptatum deleniti atque corrupti quos dolores et quas molestias excepturi sint occaecati cupiditate non provident.,11/22/2001,Ossie McGillicuddy
610,consectetur adipiscing elit.,1/14/2002,Bette Adao
611,adipisci velit...,2/3/2007,Orelee McKeller
612,Sed ut perspiciatis unde omnis iste natus error sit voluptatem accusantium doloremque laudantium.,10/24/2017,Lethia Greatbanks
613,Neque porro quisquam est,12/4/2001,Levy Bascomb
614,Lorem ipsum dolor sit amet,9/16/2011,Maje Branni
615,Lorem ipsum dolor sit amet,7/18/2006,Tessy Kloska
616,adipisci velit...,5/2/2013,Aidan Mont
617,Sed ut perspiciatis unde omnis iste natus error sit voluptatem accusantium doloremque laudantium.,10/18/2003,Jsandye Mityushkin
618,consectetur adipiscing elit.,3/15/2021,Clo Physic
619,Neque porro quisquam est,3/11/2000,Taffy Oxley
620,At vero eos et accusamus et iusto odio dignissimos ducimus qui blanditiis praesentium voluptatum deleniti atque corrupti quos dolores et quas molestias excepturi sint occaecati cupiditate non provident.,2/13/2018,Malvin Haining
621,Neque porro quisquam est,8/3/2020,Jilli Southan
622,Neque porro quisquam est,11/7/2018,Georgine Lilian
623,consectetur,3/11/2008,Adoree Quilty
624,Neque porro quisquam est,4/14/2010,Rutherford Hounihan
625,Lorem ipsum dolor sit amet,7/18/2001,Gwennie McTrustam
626,Neque porro quisquam est,4/29/2015,Kippie Broady
627,adipisci velit...,9/1/2022,Ker Wehner
628,qui dolorem ipsum quia dolor sit amet,11/6/2013,Dotti Szymon
629,Lorem ipsum dolor sit amet,12/18/2021,Clerissa Stickles
630,qui dolorem ipsum quia dolor sit amet,3/27/2016,Dermot Dashkovich
631,Sed ut perspiciatis unde omnis iste natus error sit voluptatem accusantium doloremque laudantium.,5/6/2015,Jaquenetta Ternent
632,Neque porro quisquam est,5/29/2015,Rayshell Goly
633,At vero eos et accusamus et iusto odio dignissimos ducimus qui blanditiis praesentium voluptatum deleniti atque corrupti quos dolores et quas molestias excepturi sint occaecati cupiditate non provident.,2/16/2009,Laurianne Crawshay
634,Sed ut perspiciatis unde omnis iste natus error sit voluptatem accusantium doloremque laudantium.,9/19/2011,Catherin Fromont
635,adipisci velit...,7/2/2022,Gratia Zelley
636,Sed ut perspiciatis unde omnis iste natus error sit voluptatem accusantium doloremque laudantium.,4/24/2020,Robbie Annon
637,Sed ut perspiciatis unde omnis iste natus error sit voluptatem accusantium doloremque laudantium.,6/19/2022,Damon Sabater
638,qui dolorem ipsum quia dolor sit amet,1/10/2023,Juliana Tuley
639,At vero eos et accusamus et iusto odio dignissimos ducimus qui blanditiis praesentium voluptatum deleniti atque corrupti quos dolores et quas molestias excepturi sint occaecati cupiditate non provident.,5/12/2001,Nicola Danilchik
640,Sed ut perspiciatis unde omnis iste natus error sit voluptatem accusantium doloremque laudantium.,7/27/2003,Teodoro Fabry
641,consectetur,12/31/2009,Britteny Kennsley
642,qui dolorem ipsum quia dolor sit amet,1/25/2011,Tandie Rossiter
643,At vero eos et accusamus et iusto odio dignissimos ducimus qui blanditiis praesentium voluptatum deleniti atque corrupti quos dolores et quas molestias excepturi sint occaecati cupiditate non provident.,12/13/2021,Rinaldo Lamzed
644,consectetur,1/1/2022,Natka Giffen
645,Lorem ipsum dolor sit amet,11/16/2020,Wain Leggen
646,adipisci velit...,3/27/2019,Clio Ilyin
647,qui dolorem ipsum quia dolor sit amet,1/3/2013,Jephthah Ashpole
648,qui dolorem ipsum quia dolor sit amet,10/5/2001,Dulcy Jeune
649,adipisci velit...,1/5/2009,Mariejeanne Haggart
650,consectetur,1/11/2008,Damara Puttan
651,qui dolorem ipsum quia dolor sit amet,11/19/2015,Michael Calleja
652,consectetur,2/21/2007,Arney Giorgeschi
653,Sed ut perspiciatis unde omnis iste natus error sit voluptatem accusantium doloremque laudantium.,10/17/2008,Carmelita Anstiss
654,adipisci velit...,6/10/2010,Jorie Snaddin
655,adipisci velit...,5/25/2012,Georgeanne Fronks
656,Lorem ipsum dolor sit amet,10/14/2016,Nealson Winckworth
657,qui dolorem ipsum quia dolor sit amet,2/6/2014,Millard Villalta
658,Sed ut perspiciatis unde omnis iste natus error sit voluptatem accusantium doloremque laudantium.,4/6/2004,Vinson Bebb
659,Sed ut perspiciatis unde omnis iste natus error sit voluptatem accusantium doloremque laudantium.,10/2/2007,Guillemette Radsdale
660,consectetur,3/28/2009,Zaria Yandle
661,consectetur,3/12/2013,Germain Hacquel
662,Sed ut perspiciatis unde omnis iste natus error sit voluptatem accusantium doloremque laudantium.,2/23/2011,Tommie Primarolo
663,consectetur,3/3/2017,La verne Jagels
664,qui dolorem ipsum quia dolor sit amet,12/22/2002,Mel Pairpoint
665,Neque porro quisquam est,10/27/2008,Celinda Lemm
666,adipisci velit...,6/13/2021,Angie Kennington
667,Lorem ipsum dolor sit amet,3/17/2018,Trueman Seamer
668,qui dolorem ipsum quia dolor sit amet,1/24/2018,Joanna Shillabear
669,qui dolorem ipsum quia dolor sit amet,10/27/2000,Spense Maden
670,qui dolorem ipsum quia dolor sit amet,5/16/2019,Connie Gayle
671,consectetur,8/25/2000,Baldwin Crysell
672,qui dolorem ipsum quia dolor sit amet,3/10/2000,Clifford Trenouth
673,consectetur,4/11/2011,Aurlie Hackforth
674,consectetur,8/6/2002,Tobit McNiff
675,Sed ut perspiciatis unde omnis iste natus error sit voluptatem accusantium doloremque laudantium.,6/25/2010,Cirstoforo Robjant
676,Neque porro quisquam est,7/25/2011,Lek Malthouse
677,adipisci velit...,1/6/2020,Doroteya Thornhill
678,Neque porro quisquam est,11/4/2008,Geoffrey Fylan
679,qui dolorem ipsum quia dolor sit amet,7/10/2010,Joceline Lammerich
680,Sed ut perspiciatis unde omnis iste natus error sit voluptatem accusantium doloremque laudantium.,8/20/2004,Sherie Cheasman
681,consectetur,10/23/2020,Maire Rubinovitch
682,consectetur,6/29/2017,Royall Brayshaw
683,Sed ut perspiciatis unde omnis iste natus error sit voluptatem accusantium doloremque laudantium.,11/10/2002,Andreana Bowle
684,Sed ut perspiciatis unde omnis iste natus error sit voluptatem accusantium doloremque laudantium.,8/21/2009,Danya Redfern
685,qui dolorem ipsum quia dolor sit amet,5/18/2006,Layney Pavyer
686,Sed ut perspiciatis unde omnis iste natus error sit voluptatem accusantium doloremque laudantium.,12/16/2009,Alley Gabbatt
687,consectetur adipiscing elit.,10/17/2016,Dicky Claisse
688,consectetur adipiscing elit.,5/10/2023,Brendis Clipston
689,consectetur adipiscing elit.,10/4/2014,Ilse Walenta
690,qui dolorem ipsum quia dolor sit amet,7/21/2021,Darin Storms
691,consectetur adipiscing elit.,1/8/2019,Lettie Reid
692,qui dolorem ipsum quia dolor sit amet,5/15/2002,Regine Pafford
693,Lorem ipsum dolor sit amet,8/13/2022,Anatol Layburn
694,consectetur,5/10/2022,Myron Killford
695,adipisci velit...,12/28/2003,Neall Thwaite
696,Neque porro quisquam est,3/23/2016,Sigfried Petrushka
697,At vero eos et accusamus et iusto odio dignissimos ducimus qui blanditiis praesentium voluptatum deleniti atque corrupti quos dolores et quas molestias excepturi sint occaecati cupiditate non provident.,11/8/2020,Alessandro Dymidowicz
698,At vero eos et accusamus et iusto odio dignissimos ducimus qui blanditiis praesentium voluptatum deleniti atque corrupti quos dolores et quas molestias excepturi sint occaecati cupiditate non provident.,1/29/2015,Hashim Fabbri
699,adipisci velit...,11/18/2017,Pietro MacAughtrie
700,Neque porro quisquam est,6/5/2007,Shawnee Goad
701,qui dolorem ipsum quia dolor sit amet,12/16/2016,Libbi Binstead
702,consectetur,1/7/2004,Elane Hubner
703,Sed ut perspiciatis unde omnis iste natus error sit voluptatem accusantium doloremque laudantium.,5/9/2007,Karisa O'Mullally
704,Sed ut perspiciatis unde omnis iste natus error sit voluptatem accusantium doloremque laudantium.,4/4/2015,Theo Lamyman
705,Neque porro quisquam est,7/13/2002,Lynnet McBratney
706,adipisci velit...,7/12/2000,Tucker Sandwich
707,Lorem ipsum dolor sit amet,11/11/2016,Tracee Bonick
708,Lorem ipsum dolor sit amet,10/11/2003,Eda Roelofsen
709,Sed ut perspiciatis unde omnis iste natus error sit voluptatem accusantium doloremque laudantium.,10/8/2015,Gardner Notti
710,At vero eos et accusamus et iusto odio dignissimos ducimus qui blanditiis praesentium voluptatum deleniti atque corrupti quos dolores et quas molestias excepturi sint occaecati cupiditate non provident.,11/22/2001,Olin Ragless
711,Lorem ipsum dolor sit amet,11/18/2010,Faye Jumeau
712,consectetur,6/24/2000,Nettle MacRury
713,Neque porro quisquam est,9/4/2010,Georgi Scurrell
714,qui dolorem ipsum quia dolor sit amet,6/3/2004,Reg Blanchflower
715,Lorem ipsum dolor sit amet,12/24/2006,Raye Case
716,qui dolorem ipsum quia dolor sit amet,4/11/2009,Madel Jeannequin
717,consectetur adipiscing elit.,5/27/2009,Blayne Brimmicombe
718,Lorem ipsum dolor sit amet,12/9/2021,Ferrell Hanner
719,Lorem ipsum dolor sit amet,4/15/2001,Carrol Showen
720,Lorem ipsum dolor sit amet,7/5/2003,Avivah Gotcliff
721,Neque porro quisquam est,2/14/2016,Ronnie Treadgear
722,consectetur,1/20/2015,Ava Lightning
723,Lorem ipsum dolor sit amet,8/27/2019,Tommie Pearn
724,At vero eos et accusamus et iusto odio dignissimos ducimus qui blanditiis praesentium voluptatum deleniti atque corrupti quos dolores et quas molestias excepturi sint occaecati cupiditate non provident.,1/7/2021,Reade Halson
725,Sed ut perspiciatis unde omnis iste natus error sit voluptatem accusantium doloremque laudantium.,2/27/2007,Earvin McIlwraith
726,qui dolorem ipsum quia dolor sit amet,2/2/2005,Vallie Smallpiece
727,Sed ut perspiciatis unde omnis iste natus error sit voluptatem accusantium doloremque laudantium.,4/20/2014,Frans Yakobowitz
728,consectetur adipiscing elit.,12/26/1999,Sisile Ingleton
729,consectetur,9/6/2023,Mureil McCormick
730,Neque porro quisquam est,5/16/2020,Carola Loy
731,Lorem ipsum dolor sit amet,5/10/2017,Malinde Earnshaw
732,Neque porro quisquam est,5/13/2022,Georges Lacky
733,consectetur adipiscing elit.,10/17/2014,Daveta Singers
734,Sed ut perspiciatis unde omnis iste natus error sit voluptatem accusantium doloremque laudantium.,8/10/2014,Helga Brassill
735,Sed ut perspiciatis unde omnis iste natus error sit voluptatem accusantium doloremque laudantium.,10/27/2011,Annaliese MacCumeskey
736,Sed ut perspiciatis unde omnis iste natus error sit voluptatem accusantium doloremque laudantium.,12/6/2002,Katheryn Gaddesby
737,Neque porro quisquam est,6/19/2020,Leopold Kegg
738,Lorem ipsum dolor sit amet,8/18/2007,Bondon Lujan
739,Sed ut perspiciatis unde omnis iste natus error sit voluptatem accusantium doloremque laudantium.,9/21/2016,Tana Meegan
740,consectetur adipiscing elit.,3/6/2012,Nonie Fotherby
741,qui dolorem ipsum quia dolor sit amet,5/2/2000,Henderson Kyne
742,qui dolorem ipsum quia dolor sit amet,10/11/2003,Fina Fist
743,consectetur,2/2/2012,Dawna Elt
744,Lorem ipsum dolor sit amet,9/17/2017,Nadiya Stiffkins
745,Sed ut perspiciatis unde omnis iste natus error sit voluptatem accusantium doloremque laudantium.,8/16/2004,Marcelle Axelbee
746,adipisci velit...,2/22/2011,Hephzibah Frarey
747,At vero eos et accusamus et iusto odio dignissimos ducimus qui blanditiis praesentium voluptatum deleniti atque corrupti quos dolores et quas molestias excepturi sint occaecati cupiditate non provident.,8/30/2023,Maible Marlen
748,At vero eos et accusamus et iusto odio dignissimos ducimus qui blanditiis praesentium voluptatum deleniti atque corrupti quos dolores et quas molestias excepturi sint occaecati cupiditate non provident.,8/25/2004,Geno Knightley
749,Sed ut perspiciatis unde omnis iste natus error sit voluptatem accusantium doloremque laudantium.,4/6/2006,Joaquin Dyett
750,adipisci velit...,10/30/2019,Brigid Treher
751,qui dolorem ipsum quia dolor sit amet,11/7/2016,Corenda Messier
752,consectetur,5/18/2015,Reynard MacPeice
753,consectetur,8/18/2016,Sancho Tefft
754,consectetur adipiscing elit.,12/1/2019,Roda Wooland
755,At vero eos et accusamus et iusto odio dignissimos ducimus qui blanditiis praesentium voluptatum deleniti atque corrupti quos dolores et quas molestias excepturi sint occaecati cupiditate non provident.,2/10/2017,Alexa Kupec
756,Neque porro quisquam est,2/18/2022,Janie O'Flynn
757,adipisci velit...,1/17/2009,Joycelin Spinas
758,qui dolorem ipsum quia dolor sit amet,1/16/2002,Abie Van Eeden
759,Neque porro quisquam est,5/9/2009,Maxy Petrozzi
760,At vero eos et accusamus et iusto odio dignissimos ducimus qui blanditiis praesentium voluptatum deleniti atque corrupti quos dolores et quas molestias excepturi sint occaecati cupiditate non provident.,10/4/2021,Wini Klamp
761,Lorem ipsum dolor sit amet,2/19/2001,Jimmie Leger
762,Neque porro quisquam est,3/4/2018,Marchelle Petrakov
763,qui dolorem ipsum quia dolor sit amet,9/4/2000,Trixi Hayles
764,consectetur adipiscing elit.,12/24/2004,Erich Bresner
765,adipisci velit...,12/31/2010,Dodi Petkovic
766,At vero eos et accusamus et iusto odio dignissimos ducimus qui blanditiis praesentium voluptatum deleniti atque corrupti quos dolores et quas molestias excepturi sint occaecati cupiditate non provident.,10/30/2009,Idelle Tipton
767,adipisci velit...,1/20/2011,Eugenius Vain
768,Lorem ipsum dolor sit amet,4/12/2021,Jennine Worboys
769,consectetur adipiscing elit.,1/27/2012,Jennifer de Marco
770,Lorem ipsum dolor sit amet,11/18/2004,Salli Ryce
771,adipisci velit...,12/29/2003,Gui Sworne
772,Neque porro quisquam est,8/31/2004,Britt Carlens
773,consectetur adipiscing elit.,4/18/2012,Barton Trevarthen
774,qui dolorem ipsum quia dolor sit amet,9/21/2014,Ricky Bewly
775,Lorem ipsum dolor sit amet,5/22/2004,Norine Edens
776,At vero eos et accusamus et iusto odio dignissimos ducimus qui blanditiis praesentium voluptatum deleniti atque corrupti quos dolores et quas molestias excepturi sint occaecati cupiditate non provident.,10/22/2015,Skipton Sines
777,qui dolorem ipsum quia dolor sit amet,12/29/2001,Shannan Rouff
778,qui dolorem ipsum quia dolor sit amet,5/22/2010,Idell Rikkard
779,consectetur,10/5/2002,Templeton Finnan
780,At vero eos et accusamus et iusto odio dignissimos ducimus qui blanditiis praesentium voluptatum deleniti atque corrupti quos dolores et quas molestias excepturi sint occaecati cupiditate non provident.,5/17/2023,Marna Arnal
781,At vero eos et accusamus et iusto odio dignissimos ducimus qui blanditiis praesentium voluptatum deleniti atque corrupti quos dolores et quas molestias excepturi sint occaecati cupiditate non provident.,3/4/2019,Jedd D'Almeida
782,Sed ut perspiciatis unde omnis iste natus error sit voluptatem accusantium doloremque laudantium.,7/18/2023,Bryon Camden
783,qui dolorem ipsum quia dolor sit amet,9/8/2023,Viva Strafen
784,Lorem ipsum dolor sit amet,2/23/2022,Josselyn McClunaghan
785,consectetur adipiscing elit.,3/20/2006,Lucias Ryam
786,Sed ut perspiciatis unde omnis iste natus error sit voluptatem accusantium doloremque laudantium.,5/11/2015,Wynn Goodredge
787,consectetur adipiscing elit.,9/6/2018,Kirstin Lavin
788,qui dolorem ipsum quia dolor sit amet,1/26/2003,Phyllis Sperling
789,qui dolorem ipsum quia dolor sit amet,10/10/2002,Jerri Bairstow
790,At vero eos et accusamus et iusto odio dignissimos ducimus qui blanditiis praesentium voluptatum deleniti atque corrupti quos dolores et quas molestias excepturi sint occaecati cupiditate non provident.,3/15/2014,Cortie Labin
791,consectetur,11/30/2022,Fredi Ramey
792,consectetur,3/8/2016,Calv Clifforth
793,At vero eos et accusamus et iusto odio dignissimos ducimus qui blanditiis praesentium voluptatum deleniti atque corrupti quos dolores et quas molestias excepturi sint occaecati cupiditate non provident.,7/1/2012,Clementius Nurse
794,qui dolorem ipsum quia dolor sit amet,11/18/2011,Roze Vernall
795,qui dolorem ipsum quia dolor sit amet,3/20/2022,Tierney Denslow
796,Lorem ipsum dolor sit amet,10/27/2010,Harri Cheal
797,qui dolorem ipsum quia dolor sit amet,10/31/2011,Aubrette MacDonogh
798,adipisci velit...,6/30/2021,Edvard Burcombe
799,qui dolorem ipsum quia dolor sit amet,3/10/2001,Langston Hinchon
800,Lorem ipsum dolor sit amet,3/16/2010,Laure Kornilov
801,adipisci velit...,12/18/2013,Catlaina Cotte
802,adipisci velit...,8/26/2017,Tanney Truran
803,consectetur adipiscing elit.,9/25/2017,Jerrome Cussins
804,qui dolorem ipsum quia dolor sit amet,9/10/2018,Koren Cullin
805,consectetur,12/14/2017,Vincents Hallsworth
806,Sed ut perspiciatis unde omnis iste natus error sit voluptatem accusantium doloremque laudantium.,12/31/2005,Silva Barrowclough
807,consectetur,1/5/2005,Corly Boyde
808,qui dolorem ipsum quia dolor sit amet,3/27/2018,Elayne Lodge
809,adipisci velit...,10/12/2023,Eadmund Luxford
810,Sed ut perspiciatis unde omnis iste natus error sit voluptatem accusantium doloremque laudantium.,11/26/2000,Terrie Asch
811,consectetur adipiscing elit.,9/25/2006,Lemar Swallwell
812,Lorem ipsum dolor sit amet,9/22/2004,Sherye Nelissen
813,Sed ut perspiciatis unde omnis iste natus error sit voluptatem accusantium doloremque laudantium.,6/12/2016,Tymon Wylie
814,At vero eos et accusamus et iusto odio dignissimos ducimus qui blanditiis praesentium voluptatum deleniti atque corrupti quos dolores et quas molestias excepturi sint occaecati cupiditate non provident.,1/15/2002,Madelle Hindge
815,consectetur adipiscing elit.,3/4/2011,Danni Manueli
816,consectetur adipiscing elit.,1/11/2012,Dennie Gossington
817,Lorem ipsum dolor sit amet,10/24/2015,Jule Stodit
818,At vero eos et accusamus et iusto odio dignissimos ducimus qui blanditiis praesentium voluptatum deleniti atque corrupti quos dolores et quas molestias excepturi sint occaecati cupiditate non provident.,4/8/2010,Chloe Bramford
819,Sed ut perspiciatis unde omnis iste natus error sit voluptatem accusantium doloremque laudantium.,3/4/2023,Lotty Dutnell
820,adipisci velit...,8/26/2007,Jethro Iggo
821,At vero eos et accusamus et iusto odio dignissimos ducimus qui blanditiis praesentium voluptatum deleniti atque corrupti quos dolores et quas molestias excepturi sint occaecati cupiditate non provident.,2/9/2014,Brigida Eyree
822,Lorem ipsum dolor sit amet,1/31/2004,Melisande Filppetti
823,consectetur adipiscing elit.,10/5/2014,Robert Ghirigori
824,Neque porro quisquam est,10/19/2013,Steffi Hearsey
825,qui dolorem ipsum quia dolor sit amet,6/22/2022,Sib Plumtree
826,adipisci velit...,10/31/2013,Ranee Srutton
827,Lorem ipsum dolor sit amet,4/14/2013,Nanete Towll
828,consectetur,11/10/2011,Ariella McManus
829,Sed ut perspiciatis unde omnis iste natus error sit voluptatem accusantium doloremque laudantium.,1/7/2018,Tymothy Kirkup
830,Neque porro quisquam est,5/11/2015,Debora Wilshin
831,consectetur,11/24/2015,Carlie Vickers
832,consectetur,12/20/2003,Baldwin Imlin
833,Lorem ipsum dolor sit amet,11/2/2003,Lev Sharrocks
834,qui dolorem ipsum quia dolor sit amet,7/22/2010,Jermain Kobiela
835,Neque porro quisquam est,6/14/2014,Fredericka Devlin
836,consectetur adipiscing elit.,10/18/2005,Merline Yelyashev
837,Neque porro quisquam est,1/13/2007,Kalina St Ange
838,qui dolorem ipsum quia dolor sit amet,8/31/2023,Clareta Hucklesby
839,adipisci velit...,8/15/2017,Monro Bailes
840,Sed ut perspiciatis unde omnis iste natus error sit voluptatem accusantium doloremque laudantium.,6/17/2004,Heida Drever
841,consectetur,3/14/2014,Maia Takkos
842,Neque porro quisquam est,4/6/2022,Alexandre Collabine
843,Sed ut perspiciatis unde omnis iste natus error sit voluptatem accusantium doloremque laudantium.,10/25/2003,Jaynell Kenryd
844,Sed ut perspiciatis unde omnis iste natus error sit voluptatem accusantium doloremque laudantium.,7/4/2023,Elka Postans
845,Lorem ipsum dolor sit amet,1/8/2010,Derick Attew
846,qui dolorem ipsum quia dolor sit amet,4/14/2008,Pia Haugg
847,qui dolorem ipsum quia dolor sit amet,3/26/2016,Lamont Spear
848,At vero eos et accusamus et iusto odio dignissimos ducimus qui blanditiis praesentium voluptatum deleniti atque corrupti quos dolores et quas molestias excepturi sint occaecati cupiditate non provident.,7/21/2014,Donall Nabbs
849,Sed ut perspiciatis unde omnis iste natus error sit voluptatem accusantium doloremque laudantium.,11/11/2010,Corrine Camble
850,Sed ut perspiciatis unde omnis iste natus error sit voluptatem accusantium doloremque laudantium.,9/2/2003,Kahlil Shortall
851,Neque porro quisquam est,1/15/2013,Silvana Kennaird
852,At vero eos et accusamus et iusto odio dignissimos ducimus qui blanditiis praesentium voluptatum deleniti atque corrupti quos dolores et quas molestias excepturi sint occaecati cupiditate non provident.,5/14/2020,Mick Sollowaye
853,Neque porro quisquam est,6/17/2012,Noami Liveley
854,consectetur adipiscing elit.,12/8/2006,Mollee Patching
855,consectetur adipiscing elit.,1/27/2019,Mendel Ubsdale
856,At vero eos et accusamus et iusto odio dignissimos ducimus qui blanditiis praesentium voluptatum deleniti atque corrupti quos dolores et quas molestias excepturi sint occaecati cupiditate non provident.,5/10/2015,Hilton Fawke
857,At vero eos et accusamus et iusto odio dignissimos ducimus qui blanditiis praesentium voluptatum deleniti atque corrupti quos dolores et quas molestias excepturi sint occaecati cupiditate non provident.,11/20/2012,Conway Robke
858,At vero eos et accusamus et iusto odio dignissimos ducimus qui blanditiis praesentium voluptatum deleniti atque corrupti quos dolores et quas molestias excepturi sint occaecati cupiditate non provident.,7/30/2005,Korney Fludder
859,Sed ut perspiciatis unde omnis iste natus error sit voluptatem accusantium doloremque laudantium.,5/24/2008,Domini Wilbud
860,Sed ut perspiciatis unde omnis iste natus error sit voluptatem accusantium doloremque laudantium.,3/28/2006,Kristofor Gladding
861,consectetur,10/30/2005,Kore Kytter
862,Lorem ipsum dolor sit amet,5/24/2005,Daffi Creser
863,adipisci velit...,6/1/2020,Angelika Winram
864,consectetur adipiscing elit.,6/17/2004,Novelia Measom
865,consectetur,5/14/2016,Stinky Van Waadenburg
866,qui dolorem ipsum quia dolor sit amet,7/3/2001,Parry Hadcroft
867,consectetur,3/12/2006,Matias Wormald
868,Sed ut perspiciatis unde omnis iste natus error sit voluptatem accusantium doloremque laudantium.,4/8/2000,Walliw Gorger
869,At vero eos et accusamus et iusto odio dignissimos ducimus qui blanditiis praesentium voluptatum deleniti atque corrupti quos dolores et quas molestias excepturi sint occaecati cupiditate non provident.,5/8/2003,Issi Dubose
870,consectetur,4/16/2002,Kylen Jirick
871,consectetur,7/17/2003,Mayor Eannetta
872,Sed ut perspiciatis unde omnis iste natus error sit voluptatem accusantium doloremque laudantium.,12/21/2008,Galina Carrick
873,Sed ut perspiciatis unde omnis iste natus error sit voluptatem accusantium doloremque laudantium.,10/8/2021,Aron O'Dowgaine
874,consectetur adipiscing elit.,9/27/2007,Faith Stiggers
875,At vero eos et accusamus et iusto odio dignissimos ducimus qui blanditiis praesentium voluptatum deleniti atque corrupti quos dolores et quas molestias excepturi sint occaecati cupiditate non provident.,5/16/2009,Orrin Dranfield
876,Neque porro quisquam est,7/15/2001,Barnie Courtier
877,Neque porro quisquam est,2/2/2013,Efrem Idiens
878,consectetur adipiscing elit.,3/27/2011,Farrand Stoffer
879,consectetur,2/10/2017,Ronica Stolberger
880,Sed ut perspiciatis unde omnis iste natus error sit voluptatem accusantium doloremque laudantium.,10/17/2018,Carmella Parry
881,Lorem ipsum dolor sit amet,1/15/2005,Lyndy Delacroix
882,At vero eos et accusamus et iusto odio dignissimos ducimus qui blanditiis praesentium voluptatum deleniti atque corrupti quos dolores et quas molestias excepturi sint occaecati cupiditate non provident.,7/15/2003,Breanne Titterington
883,qui dolorem ipsum quia dolor sit amet,3/1/2007,Levy Josland
884,qui dolorem ipsum quia dolor sit amet,1/25/2016,Joletta Konertz
885,qui dolorem ipsum quia dolor sit amet,2/18/2018,Court Barstock
886,adipisci velit...,4/1/2012,Cthrine Lillywhite
887,Lorem ipsum dolor sit amet,7/18/2021,Oralie Dobrowolny
888,Neque porro quisquam est,7/23/2002,Roseann Joannic
889,consectetur adipiscing elit.,4/14/2019,Fanchette Carlisle
890,Neque porro quisquam est,4/4/2007,Willie Vassie
891,qui dolorem ipsum quia dolor sit amet,5/16/2005,Rosette Ninnis
892,At vero eos et accusamus et iusto odio dignissimos ducimus qui blanditiis praesentium voluptatum deleniti atque corrupti quos dolores et quas molestias excepturi sint occaecati cupiditate non provident.,3/9/2014,Ambrosius Kalinke
893,consectetur adipiscing elit.,3/31/2022,Calida Parbrook
894,At vero eos et accusamus et iusto odio dignissimos ducimus qui blanditiis praesentium voluptatum deleniti atque corrupti quos dolores et quas molestias excepturi sint occaecati cupiditate non provident.,7/28/2019,Norina Barkway
895,Lorem ipsum dolor sit amet,5/20/2012,Barth Pourveer
896,At vero eos et accusamus et iusto odio dignissimos ducimus qui blanditiis praesentium voluptatum deleniti atque corrupti quos dolores et quas molestias excepturi sint occaecati cupiditate non provident.,9/22/2013,Sibeal Blatherwick
897,Neque porro quisquam est,4/24/2006,Marcos Trevers
898,Lorem ipsum dolor sit amet,6/30/2019,Kinsley Ramshay
899,Sed ut perspiciatis unde omnis iste natus error sit voluptatem accusantium doloremque laudantium.,2/14/2005,Perl Simoneau
900,Lorem ipsum dolor sit amet,5/3/2003,Paulette Lammerich
901,At vero eos et accusamus et iusto odio dignissimos ducimus qui blanditiis praesentium voluptatum deleniti atque corrupti quos dolores et quas molestias excepturi sint occaecati cupiditate non provident.,12/4/2009,Clo Curd
902,Neque porro quisquam est,5/29/2018,Rayna Node
903,Sed ut perspiciatis unde omnis iste natus error sit voluptatem accusantium doloremque laudantium.,6/16/2002,Alessandra Gager
904,Lorem ipsum dolor sit amet,9/28/2012,Faustina Aldus
905,adipisci velit...,12/29/2006,Rooney Phillipps
906,Lorem ipsum dolor sit amet,2/24/2013,Wrennie Vost
907,adipisci velit...,11/3/2001,Noble Stag
908,Neque porro quisquam est,6/8/2006,Benjy Griffin
909,Lorem ipsum dolor sit amet,11/8/2021,Vernon Harken
910,Neque porro quisquam est,12/26/2016,Anne-marie Ryall
911,Sed ut perspiciatis unde omnis iste natus error sit voluptatem accusantium doloremque laudantium.,5/21/2011,Mellie Wiszniewski
912,At vero eos et accusamus et iusto odio dignissimos ducimus qui blanditiis praesentium voluptatum deleniti atque corrupti quos dolores et quas molestias excepturi sint occaecati cupiditate non provident.,5/13/2011,Elvyn Leifer
913,Lorem ipsum dolor sit amet,6/30/2003,Andrea Ashdown
914,At vero eos et accusamus et iusto odio dignissimos ducimus qui blanditiis praesentium voluptatum deleniti atque corrupti quos dolores et quas molestias excepturi sint occaecati cupiditate non provident.,12/7/2008,Tiffie Knocker
915,qui dolorem ipsum quia dolor sit amet,9/19/2005,Hedda Yurikov
916,adipisci velit...,6/3/2019,Kelcie Olivas
917,consectetur,5/19/2017,Tate Meachan
918,qui dolorem ipsum quia dolor sit amet,9/6/2021,Xylina Pavelka
919,adipisci velit...,1/26/2020,Ginger Beresford
920,consectetur,12/17/2001,Annalise Foxwell
921,Sed ut perspiciatis unde omnis iste natus error sit voluptatem accusantium doloremque laudantium.,12/17/2019,Rubina Ferre
922,consectetur,11/22/2023,Madelina McAndie
923,consectetur,6/17/2005,Aurea Fosse
924,At vero eos et accusamus et iusto odio dignissimos ducimus qui blanditiis praesentium voluptatum deleniti atque corrupti quos dolores et quas molestias excepturi sint occaecati cupiditate non provident.,4/13/2002,Marietta Skade
925,Sed ut perspiciatis unde omnis iste natus error sit voluptatem accusantium doloremque laudantium.,8/16/2018,Jarib Stratton
926,adipisci velit...,9/26/2014,Micheline Heinel
927,Neque porro quisquam est,6/4/2010,Brion Vasyutkin
928,Lorem ipsum dolor sit amet,8/12/2004,Heath Papierz
929,Sed ut perspiciatis unde omnis iste natus error sit voluptatem accusantium doloremque laudantium.,4/2/2004,Daune Toman
930,Sed ut perspiciatis unde omnis iste natus error sit voluptatem accusantium doloremque laudantium.,12/13/2008,Annadiana Aireton
931,consectetur,9/15/2020,Eldridge Learned
932,consectetur adipiscing elit.,10/7/2017,Emmott Tetlow
933,qui dolorem ipsum quia dolor sit amet,10/30/2011,Robbyn Gurney
934,qui dolorem ipsum quia dolor sit amet,1/3/2022,Penrod Posselwhite
935,consectetur adipiscing elit.,11/30/1999,Lian Le Ball
936,Lorem ipsum dolor sit amet,12/23/2014,Reggi Huke
937,consectetur adipiscing elit.,6/28/2002,Luella Livermore
938,Neque porro quisquam est,3/20/2020,Rock Philliphs
939,At vero eos et accusamus et iusto odio dignissimos ducimus qui blanditiis praesentium voluptatum deleniti atque corrupti quos dolores et quas molestias excepturi sint occaecati cupiditate non provident.,2/21/2021,Clea Tomasutti
940,consectetur,9/24/2006,Norris Standbrook
941,Sed ut perspiciatis unde omnis iste natus error sit voluptatem accusantium doloremque laudantium.,8/19/2012,Lenna Titley
942,consectetur adipiscing elit.,1/30/2020,Lillis Donne
943,qui dolorem ipsum quia dolor sit amet,10/7/2009,Raffarty Scrivener
944,Lorem ipsum dolor sit amet,7/20/2014,Caty Dellatorre
945,consectetur adipiscing elit.,3/7/2012,Erasmus Ribeiro
946,consectetur,8/21/2021,Bartholomew Iban
947,consectetur,7/18/2012,Cedric Asser
948,adipisci velit...,9/16/2000,Wilow Steeples
949,adipisci velit...,7/23/2008,Annalise Divell
950,Lorem ipsum dolor sit amet,3/24/2003,Tierney Sexcey
951,Lorem ipsum dolor sit amet,11/2/2013,Ursuline Fischer
952,Lorem ipsum dolor sit amet,6/16/2018,Ronda Plume
953,adipisci velit...,12/10/2004,Gayelord Le Quesne
954,Lorem ipsum dolor sit amet,7/14/2022,Ronnica Greggor
955,adipisci velit...,1/30/2021,Ignatius Bertomeu
956,At vero eos et accusamus et iusto odio dignissimos ducimus qui blanditiis praesentium voluptatum deleniti atque corrupti quos dolores et quas molestias excepturi sint occaecati cupiditate non provident.,9/5/2014,Howie Tomaello
957,Sed ut perspiciatis unde omnis iste natus error sit voluptatem accusantium doloremque laudantium.,3/28/2022,Agretha Da Costa
958,Lorem ipsum dolor sit amet,5/31/2018,Fancie Grindle
959,Neque porro quisquam est,5/24/2001,Katusha Timmis
960,qui dolorem ipsum quia dolor sit amet,8/10/2015,Koren Gebhard
961,adipisci velit...,10/21/2005,Lenee Searby
962,adipisci velit...,11/13/2008,Lucky Phebee
963,qui dolorem ipsum quia dolor sit amet,3/28/2018,Kerr Twycross
964,Lorem ipsum dolor sit amet,10/14/2016,Carroll Gatenby
965,qui dolorem ipsum quia dolor sit amet,10/30/2019,Zared Aviss
966,consectetur,6/3/2015,Kingsly Hoff
967,adipisci velit...,10/8/2010,Yevette Braams
968,At vero eos et accusamus et iusto odio dignissimos ducimus qui blanditiis praesentium voluptatum deleniti atque corrupti quos dolores et quas molestias excepturi sint occaecati cupiditate non provident.,7/2/2000,Dolley Cansdale
969,Lorem ipsum dolor sit amet,8/3/2016,Margarethe Guerola
970,qui dolorem ipsum quia dolor sit amet,11/26/2018,Ravi Call
971,Neque porro quisquam est,7/23/2001,Ilyse Hartas
972,At vero eos et accusamus et iusto odio dignissimos ducimus qui blanditiis praesentium voluptatum deleniti atque corrupti quos dolores et quas molestias excepturi sint occaecati cupiditate non provident.,6/7/2003,Brendan Phettiplace
973,Sed ut perspiciatis unde omnis iste natus error sit voluptatem accusantium doloremque laudantium.,4/6/2021,Clayson Prandin
974,consectetur adipiscing elit.,9/14/2018,Karalynn Shawell
975,At vero eos et accusamus et iusto odio dignissimos ducimus qui blanditiis praesentium voluptatum deleniti atque corrupti quos dolores et quas molestias excepturi sint occaecati cupiditate non provident.,8/20/2011,Benjy MacAskill
976,qui dolorem ipsum quia dolor sit amet,4/9/2014,Catarina Greenan
977,consectetur,11/8/2023,Livvy Feeney
978,qui dolorem ipsum quia dolor sit amet,9/21/2023,Ebba Andriuzzi
979,Sed ut perspiciatis unde omnis iste natus error sit voluptatem accusantium doloremque laudantium.,10/4/2012,Tamar Blue
980,adipisci velit...,4/16/2021,Sal Bedlington
981,Lorem ipsum dolor sit amet,4/15/2004,Marven Spradbery
982,adipisci velit...,1/9/2004,Petronilla Mansel
983,consectetur adipiscing elit.,1/11/2021,Feliks Attock
984,adipisci velit...,5/1/2012,Frans Drillot
985,Sed ut perspiciatis unde omnis iste natus error sit voluptatem accusantium doloremque laudantium.,5/31/2004,Teresina Greenrod
986,consectetur,10/12/2012,Phillipp Rowthorn
987,consectetur,1/16/2006,Gorden Reese
988,At vero eos et accusamus et iusto odio dignissimos ducimus qui blanditiis praesentium voluptatum deleniti atque corrupti quos dolores et quas molestias excepturi sint occaecati cupiditate non provident.,7/3/2005,Goddard Derham
989,consectetur,12/12/2008,Blythe Tees
990,Neque porro quisquam est,4/29/2018,Rouvin Miguet
991,Sed ut perspiciatis unde omnis iste natus error sit voluptatem accusantium doloremque laudantium.,10/26/2007,Cale Ballchin
992,qui dolorem ipsum quia dolor sit amet,10/5/2023,Ugo Abramsky
993,adipisci velit...,7/3/2018,Mollie Steanson
994,Neque porro quisquam est,5/1/2006,Kingsley Gawne
995,Lorem ipsum dolor sit amet,6/27/2015,Euphemia Dahler
996,consectetur,12/5/2012,Jamima Ruppeli
997,Sed ut perspiciatis unde omnis iste natus error sit voluptatem accusantium doloremque laudantium.,7/27/2022,Jarvis Bitcheno
998,Neque porro quisquam est,7/10/2008,Gonzalo Kroon
999,Sed ut perspiciatis unde omnis iste natus error sit voluptatem accusantium doloremque laudantium.,3/6/2017,Reginauld Placidi
1000,Neque porro quisquam est,11/28/1999,Myrah Malenoir
