userID,name,password,wishlistID
0,admin,1234566789,0
1,pmackartan0,oW6'OTB',194
2,ggallager1,"vF9=Qm""lJG",106
3,bpetrakov2,mI8.`A4IA0,123
4,gtee3,iC6@lC'36+&Zf=9o,850
5,msore4,"wG0=x<Sk(""",245
6,fbeckley5,uA9#v/5tXrL,887
7,sdumphy6,aR2>_`kUC,491
8,rsinnie7,rO5!kUIH6,595
9,jgorch8,nK4+)J0a,181
10,domoylane9,"lS5,X{~QV_A%uj*=",701
11,soffaa,"qK5""1F6rL~",604
12,rmaccoughanb,lH1?!18(r+K0%,219
13,rjumpc,iO4&_Kx38(5Mf.,896
14,rosoriod,"aK3=yg(~g>.""/C_)",185
15,dreinere,"hE4,{0t7G=%mL",310
16,cjumonetf,"uS7""1j<vI3B?g9c",792
17,bmorphewg,gN2?d=`68,322
18,yadanezh,lJ1~d%zP=nlxm&vO,575
19,bbaylissi,"jX8(cX,C",474
20,lgoodrickj,"iM9'>5$cP|&,Mz",46
21,bvolksk,"yW9""UQfu&yjzVm",475
22,rrylettl,"iW2""@h?l",87
23,scaslinm,nG1@jRNYsdK=,450
24,cfoucardn,"dX8,NB)KI%6m7%",907
25,dkilfoyleo,qH6/ePV@0G,554
26,mcoeyp,qK3_GmJyD%|514,754
27,channonq,pL4|8kfSR,739
28,hvigarr,dV2!4>t@}eQ6P,640
29,jnorcrosss,sJ1|3CE~,416
30,kcopingt,qU4%v4}}BR,586
31,rruoffu,pR9(#>3k_qnLo_e,395
32,edallossov,iH6>n%Yf7KHjiBT,332
33,pmorlw,pX4/lYf?0I/z4,143
34,npoulsenx,"kB6_bGm9,",432
35,eaynoldy,eW4#g?&Ca4i.6o,958
36,rtootingz,fQ1|9l%AYVtk!m,836
37,dlowton10,pD4|GJ}8@zHIWB,619
38,amacdonagh11,"pF1$,NMw>EN(5V!",302
39,mbroadhurst12,wT2`EVj+_RdXpTH,980
40,kbraden13,zH5+GTAj},702
41,jpyrah14,qX7_wgI6rIz,375
42,rnelmes15,"uY0""xD{}F1XQ6d>'",369
43,rcouldwell16,nG8?|qfZ,331
44,csuffe17,zS7(=ThTYdy,101
45,arubke18,jD4(dI5t=v{k,938
46,bpaireman19,cK8/$'WzoRyiPax,955
47,tkobpa1a,"zI7,x%Y%",369
48,tsherborne1b,tU5>jrsq5LqJG|I,946
49,cgudge1c,eW0(t76)!1da0,416
50,bbalding1d,eQ1..)I6+7,4
51,mfarra1e,hS2$*6O',467
52,cdensham1f,bJ2&o*2c>u+2y,792
53,gwaddilow1g,wI6}</Euy\y<B,817
54,bbenger1h,lH5/ulFG,408
55,iskrzynski1i,mY3$)78BruCz.GP,498
56,vfrancescozzi1j,iZ0}Fh?Br,18
57,igumbley1k,mR3${uKkW\La,457
58,mdavage1l,aW7*OO%>v!z,77
59,jbarthelet1m,yK2}{&264fJ,976
60,kthieme1n,uC5>*K>Li<x1hI41,122
61,rmarchiso1o,wD5%cF2u%TN>rb|,844
62,cbarefoot1p,pU8$7PDidh.~$BK,474
63,cpamplin1q,gN1%+GGptmhG,108
64,pscreas1r,jW7/?{U2{g,259
65,lfoffano1s,fK3`c0iJ.fTK_,690
66,ldwyer1t,lH4'Har),941
67,ibohlens1u,"sF0>Ye>,1""xs1",463
68,pfrean1v,"oW5$F0@Qr""?",987
69,jrock1w,aD7$mw8gR,136
70,pworviell1x,yY0+AECi,778
71,awaddup1y,cT1}~&<=Ph77wR9_,435
72,alashmar1z,jJ4\pSt'(!5~,176
73,gfranschini20,"dH5}K)Aug,)/cus",732
74,bbernhardt21,"rC5=5GPU""QZ",890
75,eburlingham22,"oC2&tD!r,.w",712
76,bbedberry23,"pS3&,NII4",601
77,mhoutby24,"aJ1,_\({>=V,6qk|",974
78,fosment25,nY0!2Z1s{#Ms@?*,608
79,rbramo26,lW2=vn=@=,972
80,glittlefair27,"lE2<S,Qyh,b{UCnf",41
81,cdabell28,cA2*6l}wn=AhE,743
82,cpetofi29,"bB7*~3vkUM,",594
83,lcollop2a,oE9)&xn7Hy,470
84,gfentem2b,lP7/`{&wG(>/,17
85,tinnerstone2c,"jV8(6\1TzRM8oN,",566
86,sotterwell2d,"dJ1`yfac*B{jJ,",367
87,ssharkey2e,wK6`Xd~BI0<d',641
88,llanyon2f,eH5#u$B@7,128
89,fmessum2g,"nT4""h}ML0SO)f|",657
90,tmcphelimy2h,cX3>St)fvQ,376
91,avenn2i,mS6=Xg0j,599
92,rbishell2j,"wI9""@M4_,r,G~B",303
93,sdungey2k,dY6*Zo)`,81
94,bgibbens2l,nT1+w&P~I,366
95,dbaptiste2m,"nM5&R,""}",991
96,nkobierzycki2n,xI5}jE4g'j#sb{nN,101
97,esainer2o,"qJ1,w{>d_F",392
98,ehan2p,uO9+8!nva,747
99,adibatista2q,bY8@5LWnA57,723
100,jleteurtre2r,"qM2)'Vn~U4f""",628
101,tbore2s,zY9\>)3Qm@)RK~,721
102,mmossom2t,rT9`L(\Wv,228
103,estraine2u,dA0_)Yzyg*,271
104,shawton2v,lK5.p\MCi'gj4lE,417
105,jkintzel2w,yW0_F&HI,709
106,vfaas2x,pY9<8YTrM`MZ'/N,171
107,gfonquernie2y,gR1|fY1uY/St'Yd`,348
108,dwitnall2z,fG9$7r/LVKb9,846
109,idupre30,mA3=d}Z{<#<.<*o},921
110,fmckilroe31,oM7(ISHU=@se_Sx4,117
111,vbrauninger32,zX2$q/)JR1PnT,467
112,rfrankom33,lF2*1bhTY>DLYU,344
113,gsoulsby34,"eH1}""%r(irW",718
114,clessmare35,zL2/*70F~Mve$,259
115,sgravet36,wS0=N$cEUb,739
116,akittle37,"gK7""bgWY(FU",178
117,pshasnan38,bO4.u<dHJNl&,946
118,lchadwin39,"tH4{mV,{(3.+(1B?",201
119,tlassells3a,sE2%k|!HfJB.8,244
120,sgarthshore3b,"mP1{=dJ2VWZy""<",588
121,mjustun3c,pR2`$rf3S~$7s,29
122,gcorkill3d,iO5}0o~IiE8G5a6@,771
123,nhiorn3e,lD7__qm7{_,775
124,cjackling3f,nI4|>Z<zKq,997
125,stoner3g,jK0_DxCEwFut,159
126,gkerridge3h,oG6'r8z5,807
127,ebenedettini3i,qX3?fQ4UBQO,893
128,bculham3j,"yI5=sk{D,}%(<68",406
129,astooke3k,sW4.S`*JV{(,554
130,csergison3l,qP4!WsneOi,343
131,chendrickson3m,kI8>*'mwE1P>O,425
132,vabernethy3n,gA9!o.9vKvs%VT,225
133,rmayoral3o,vQ3$D$Fzzr,545
134,tdybald3p,xU6&BVsXS_E5DWN,667
135,cfrancklyn3q,"dL9?|WrW,U3",953
136,ctasseler3r,lZ9|2voMWD,286
137,nyannikov3s,xP7\F/Of~@,518
138,nwillgoose3t,zE3&dZj<6w3N>,272
139,sknapper3u,xB2...9DXw*|wsS$,530
140,fgrog3v,hV5`?{qw(oiW,363
141,ssoutter3w,"nL7%s""T%Gu",251
142,fshotboulte3x,fC3=LrGC7D\,143
143,cderry3y,mH8}PI(gjQs0,582
144,ewinward3z,bJ0?e{~e}bS7+<y,863
145,jleftwich40,aB4#A6_~$F?Dbsxz,665
146,flongcake41,"iH2`Z?T=4d7d""?..",895
147,ecullingworth42,vI2`K9>\I,390
148,ejude43,pP7&O_C/c,964
149,nkroch44,fP1_KI8zMwl8',866
150,cburstowe45,iF8>}>&i7k0A+,636
151,dizod46,hQ1~p=t${u'w,850
152,tseston47,wD3?*4kcD29+,148
153,ddegan48,"mM3""6l<)",442
154,pcadd49,qP2>W<wF,81
155,lodonohue4a,"uU3(Jf,W",959
156,ahubbard4b,uI7<Hn>!_/\w6c,789
157,rpetticrow4c,kU9(.'ps,791
158,mharbard4d,iM4.<~Q~XG`SO,622
159,cdownham4e,pM3#fVHnP51,637
160,adorken4f,iY7!%P<h95Z.,771
161,wdurbin4g,lM3+'~zrFV!Y_d,65
162,vgodbehere4h,gR1)/y8SEH,190
163,panwell4i,bI7(#IZ2}})'H,503
164,bcisson4j,"lM3{t""QRxm!L",231
165,hmacconachy4k,"oZ9""Tn_OR6UJ{Zd",554
166,cpackington4l,yL3$Y?Z0bk0<UqVa,567
167,odanielis4m,"bJ2\+0""ef",784
168,lzuanazzi4n,nD5=.zoQ,105
169,ccorkan4o,eI8&'7g_u},575
170,clabbey4p,nW7>pEX7uGp1(>I,915
171,rlodemann4q,"cZ9,FwSXtBg71/=",548
172,alinfitt4r,"xM1""1|?hzT.Ec",36
173,ckopec4s,kL8(>\IX,814
174,slandeg4t,kR2_4(~7,326
175,wewells4u,aY5`tEu4VxK\~Y,87
176,lhuband4v,oR2#%E7'2G&nB),677
177,wmasham4w,hH5(AbAvm#T9w?,335
178,ddevaen4x,iY1/cJUu,666
179,garman4y,rY2}Vpe7A`(,631
180,mdaborne4z,jU3>#L9Vfd4by,614
181,gpetchey50,yP9*u5wwlu|e/qB,84
182,sbasson51,"iL8<#jl)ygzQ,9",571
183,bglinde52,aR1'(D}&4,949
184,ilinkleter53,"zB6""wpb>4",611
185,hroskams54,wA1_\{v5Mk#o,916
186,fturbern55,fM6)bf9k|Q3u.,930
187,edignall56,lM0/e/+dO,972
188,pgyer57,fU6=6T8Kj5W#Zk#,163
189,nkeneford58,"pP7""oPY0C!",23
190,jhasling59,oL7*uUwAf9>9k,24
191,icreigan5a,wP0%/._YL~xz,884
192,pmottershead5b,qX3!vhV#@z~Rea!,66
193,jdalrymple5c,"kP4+>`NC_r""",823
194,kquinney5d,vA3`K%_x%t)<&\o#,470
195,blydster5e,vH4~H@(}Tv\s,776
196,abanbrook5f,eB6|h#dq28W,5
197,cwoehler5g,zX3&6!v51!Kw<U,163
198,remanuele5h,jU8\dHZi.,187
199,ccestard5i,rG3{@SjKjt,598
200,joccleshaw5j,pV9/~rM8_Z,96
201,mtrime5k,bY0#OmpH>mV6,662
202,msorsbie5l,zP4.p#{Ws)!4y%,283
203,vigoe5m,"dV3.y,zxr+=G)",150
204,nwilmott5n,vY5\D?zE)f1,932
205,htillett5o,bE8{Ul%HiTE,205
206,tvalentine5p,eR8.}UcR!6,680
207,rscamal5q,jO1~kolI(?J9C_&k,743
208,gcreane5r,yF7#+>=$,242
209,ishorthill5s,"pX6_de)VFk+Y,@q",805
210,spariss5t,yL0@J+Dpzn%2B6}$,883
211,gmayne5u,aN5_sYd%.)$/S!&,746
212,nmegarry5v,uN3*e'iwT!_v,989
213,bsainter5w,"iF0`|~,F5mc",286
214,tcochran5x,gQ4}w&\tcD%TjO,388
215,nfaithorn5y,"zU0#lgNiJY""#2)c",998
216,eantcliffe5z,pH5==ED_.<x,968
217,gmaccarrane60,"iL9\'JA""$71",434
218,rgilli61,bV7(hrZC&'z,831
219,nkemmet62,bZ6(4#x1F*y4|q,523
220,gpirrone63,xQ7}mu~yr`Kq@K@w,802
221,jhaggard64,rK0`eiu6}3Q,685
222,crayer65,"zG5<BqVuzR&JlZ3,",73
223,gfrancklin66,wX0/JIqL0P,959
224,izanneli67,"bW2,@jFBI5D$w",65
225,rjekel68,cT8>H>R~`LVFa6Fz,86
226,akmicicki69,gU5*b@x>9B,386
227,gharrinson6a,oM6%`s?qI?p,903
228,bburrage6b,wR0~mb@aK,884
229,gsimoneton6c,gL2.SvI0Ktnl,927
230,mmountford6d,zR6|?~rg*,371
231,pkiwitz6e,hY7@hx$?v+,167
232,bbenley6f,xK3}Od@QS@1kgeKZ,774
233,scheng6g,pL1`@ksWSo/}aL,404
234,vcalbreath6h,rP5>8rBHR&FT,697
235,scruise6i,lC7?zBq`.7291,447
236,memburey6j,"iD8""tI,|",117
237,pakroyd6k,bR7<FK8nCm9,889
238,istanex6l,dP8>fopK,722
239,miglesiaz6m,tM5@0y~#3?Q)_rR,531
240,ivineall6n,"zE3#,Nc2",824
241,chubball6o,"fM4~)u""h{",198
242,kbarends6p,"cC8}uU$""7st65Q",478
243,nkilfeather6q,"qA9$n=l7r_LE""",190
244,msherrock6r,lC0=Vz.2EJnV,765
245,omeah6s,bL6<NTvnM,802
246,lkobsch6t,vP0'JH=gt+7prq!T,390
247,ccampbell6u,lQ6@(DUZ(,761
248,abudibent6v,bE5/T<@F,548
249,kmccardle6w,zI4.'J7H0@5F~arW,458
250,ndeverehunt6x,sX5?gC8UQ'`{,979
251,ekerford6y,dL5.\/<9TI,594
252,kashworth6z,nD6{vA(c?o@I2,40
253,zdemeza70,"lW4(_EE""Bjo1~sq",910
254,cgarthside71,bT4!+2pXpv@1>}J,275
255,bjoll72,"nY3|,QrF|=r",700
256,ntulley73,oR7+gPmp94bc,260
257,dpavia74,"bY8"",3,4f076""Vv.",462
258,vseiter75,"aF3,7'Jri$D&MV",515
259,mnelles76,kZ5@xBxp66,619
260,lcommucci77,mM2>9mmD,132
261,iwhitehouse78,"sX8,2&8HSY#xy",796
262,rspenclay79,pQ2)s2!ZB(xw%W,205
263,zlemery7a,"zT3%)<&,#*5r*l",119
264,dmulryan7b,zF7&~sulv,846
265,jdarkott7c,"bK4&\|GxTY""Q",193
266,asyers7d,bE7}}A{Kz@=),51
267,kgodspede7e,aX7(8xTKz,255
268,mkiln7f,bA3_tSxx%R,997
269,dgold7g,xI0~n0tarKp2,237
270,avasyatkin7h,zX8>d)Vu8''Pux,158
271,mcolquhoun7i,vX3~L?pb0aKjpM#$,98
272,khedges7j,gI9>HvgTA//Y{PC,625
273,skenninghan7k,"pP0,4IuU",297
274,lhigbin7l,"gZ1,m.#B2",953
275,elavigne7m,"tV6=<+J""Ys!",307
276,lstraneo7n,oJ3!N=|!&?,880
277,lgreenhouse7o,rF9%tw3eumA,161
278,ltubby7p,dL4'm'+)GJ/$,308
279,fkermott7q,"xS6<Na@}#WhL5&\""",591
280,ustockney7r,iH6_OZ$z9,56
281,jvegas7s,iI8'Zor&LIzb$+{8,71
282,plockie7t,zM2)Yd<%k~,464
283,mbendixen7u,tJ8{R75ScEi>v,704
284,vceci7v,cE5<(uRgrYg'$w,332
285,jcluff7w,gA3*uUFITO,103
286,dsalkeld7x,"bC1,Ay&@#RQHqRY4",677
287,hgrayshon7y,mE0>|7U2S+8g+9hT,132
288,tvalenta7z,tE6{5=/Vek,38
289,ccopins80,aA2`T0m_{py@%E,835
290,tclace81,tQ2_PQjxxn,993
291,cholbie82,lQ7`nOh7,231
292,galoway83,nS1}G8QBpHbPaL#$,698
293,ghansberry84,fZ8/fq8M!,692
294,surridge85,eI0''+GL=Ca*y,528
295,rashurst86,jV3`3iw/b\sPlrh,323
296,averegan87,"mI9?o""wyF$90j?os",832
297,wbratten88,lA0>ebwO,213
298,msilbermann89,vL3>>0!(6%r,675
299,ecrowthe8a,"dE0>vX""0dBJ7oY",603
300,imackey8b,bC7\eOM+ToIqO,548
301,prilston8c,"hP8%Er9""ueKD",864
302,hbealing8d,"kV5""PWCm}PB!qO",646
303,cdoughty8e,uB6>.*+xWuFZWl,291
304,gjaime8f,jG0++71D8cu}EQ,889
305,taltimas8g,qP9%eL#~C&_3TTU,109
306,ihasnney8h,pJ5</SPos2HFaQh,496
307,pryam8i,wB9~=Cw{,363
308,averriour8j,oG3#M*gN,193
309,dpaddington8k,hF5~~%yRngblcs,736
310,cmitchener8l,fW7#e.MZ9S\L,503
311,fblaisdell8m,vM2(lxP!<zQ,986
312,asarvar8n,"oF6""d{+Ot16C=v,",247
313,ifanton8o,wZ7&Y)yJjJh1pJ,513
314,nbilney8p,iS3?7{i#tQ|5F~G9,787
315,dhoutbie8q,dA7$BZ{Et<U%,659
316,lherculeson8r,iI8?VjrA$hyX,621
317,vtrundell8s,iH8+UA.'_gswFXd,854
318,rslyvester8t,zH7!R&G20KJO,812
319,mwalkley8u,yS8><_<AoN,606
320,hburl8v,rQ2.~jHoX4uG,895
321,mdeferraris8w,"bQ8{An""1MW<yBu#",170
322,tcornehl8x,eO4~&r9NN@X,226
323,ckorda8y,nC1'dwIo,387
324,pwhitlam8z,iE7{KD'LS*5`V,5
325,mphillis90,hO3_fV~#S,438
326,rdonneely91,qL2=nwOcfY7at(+,39
327,cvasyukhichev92,"eC0=Rc8!ZY,SY",616
328,ccollymore93,wF5(zzd}@DW{l7,174
329,crothert94,rV1/auti58O,42
330,msymes95,uA2)y.LVDewiyO,418
331,mseavers96,aB8}!l0B9H,509
332,barpino97,uK9!<8?IZoRe$nD*,320
333,mpaddingdon98,"oR8!Idk""zcFO",599
334,jwaterstone99,mP4(&5?|f#4&G{,6
335,mcodron9a,mG7{_weMHg,112
336,tlove9b,eY8</u0ax,464
337,kelt9c,kH8<)vuNT'i%s,58
338,jpitkin9d,oX8\>tM(lLO0wp&y,86
339,binnwood9e,qA8=#CWmS>bZzVt,721
340,bantosch9f,"tN6*xd5,L4ZZ@zUL",222
341,nlaver9g,nV8=nz8B!',414
342,moda9h,iJ7_0pUPACKAOtYr,458
343,sgemlett9i,aF9&YMBbo&4J,929
344,croux9j,zW8'pV*+ck0gHz8U,190
345,mwalding9k,aY5_\F(GEv!N$Zx,815
346,wstranaghan9l,"aR4_9dj2A,",475
347,nbloodworth9m,jZ0/i(Z*Y$x|,40
348,fwaudby9n,qA5)*>zPS1WkeHfJ,214
349,ccorson9o,mL6&aM\JFYmuDF_7,983
350,wmccarthy9p,yE7>>d@m,450
351,rgrzegorzewicz9q,pF3@XrrtJW&)N,490
352,lbedinn9r,gW1(OD\yVcb1,374
353,dhocking9s,cO3|@AY##WNmY38),244
354,fmacgrath9t,pR5@Tv*!?SsoD,460
355,csutherland9u,nL4|PNW#Wa#,101
356,lbarrand9v,mZ3(S#U},614
357,dettritch9w,aK0#/(2jj,728
358,schallinor9x,gT3`5+eW)G_#d~),843
359,cspirit9y,eB9`zwLzLS{+o,635
360,akob9z,rL4$gOsxKiJ`Zxd,685
361,hlindholma0,mK8!F(O?,626
362,wgreatorexa1,"qC9=DvC}(@y""",219
363,htorria2,"zU7)7U7}s,GU7Q",557
364,scasillasa3,"gW5""HQawX/a%H/*",727
365,tashplanta4,gX8=_HoH,922
366,cbossa5,wS0|1vg5,695
367,kamyesa6,sW7\>b_}RAUOV,121
368,adumpera7,"bH6?#G,L",930
369,jspinelloa8,xS8<68K|&,257
370,lbremonda9,zI4#U(`UDP,812
371,tmakinaa,cF5<qe=|#P,524
372,wcloonanab,bT3**>rcd\+#Qs~K,872
373,mbladesmithac,gG2<?wt+5={xv,271
374,lgellyad,oB5?|%{F(q,622
375,phannenae,iT1_J6tN#l7|$&>,795
376,zhuddartaf,pE4<6+@$tV@lT%,40
377,misherwoodag,zD7_LQFdODC??OX,160
378,ibroadnickeah,zY3/4|73w,558
379,ttrokeai,oR3)Q481I,488
380,gfrankesaj,mB0\x(P?7J{wm},307
381,schettoeak,cJ2@/3S|e%,203
382,vlaverickal,nP5{mZev<,752
383,ggaucham,bA2~>sM7(,925
384,epowneyan,"lQ2)T,gpJLf",451
385,abencherao,vR5>70}0A)+,341
386,gcarnowap,wP6$0lRXQPe,774
387,elambourneaq,aP5#b#Q9zM#,266
388,hgreschar,"vS4,~Ma|@qR",906
389,hcominelloas,yF9+_%PLym,322
390,mspinelliat,kD6|`=Y'%Ov4,532
391,bcrumpeau,eK6~sUter8~r,994
392,mfinnanav,hW8?itGw,768
393,fstanhopeaw,zG3?4VZ@D6Q,744
394,hcoklyax,fX4/L+?pptC,122
395,fsatchelay,"qE3,RnzoH'O+\JIA",907
396,psprionghallaz,"jL9.\oAdvm<,",268
397,hmorsomb0,yA2{nycI=sC2e,591
398,hvandeveldeb1,lT3$}YS!2fGc@F,918
399,rpigneyb2,nA3%Fh`MJ!o66,89
400,chadwinb3,vM6`>ryf't?,390
401,gblanchb4,"xR7~uFkXTX$u,y63",847
402,gthorbyb5,yU0&$rja,33
403,kmcnernb6,cJ8__pdzB7I4}+,45
404,arosenkrantzb7,"wZ2`w""V/Bom'RUzs",662
405,jlassellsb8,kK2&C~@y,474
406,mbrowneb9,"zF0""MRr,#s}",653
407,gharesignba,aY1)ycFX\<,750
408,gllywarchbb,"hK1|6""a#i@1'P",278
409,jholmebc,wB7@hpelznKm,934
410,ldattebd,vZ0!(%VQZ*>o,488
411,acullaghbe,lL5&6.zd,615
412,mwixonbf,cJ7+p&V4,320
413,aplantbg,oA6'lz'CHzC,568
414,hdumperbh,zH9'<aEIY,573
415,ssavinbi,"iD7|MD""wJl8J",713
416,cloughlanbj,"aP1""~wt2Z",501
417,lerasmusbk,uN5`kqC!,722
418,flillebl,tU5#H~AI,119
419,rbrutonbm,"gM1,bXMY0|",793
420,zbrockwellbn,vE7~{Y2RsxW~O?,961
421,ffollisbo,aR6'I_|KN6pp},661
422,gcochranbp,sM2\Rr)92S*8AiM,6
423,rreadingbq,"rL5,gIi8Mj>>=Wy",824
424,bplacebr,zX1$b<WI,778
425,binmettbs,tG9(HHM>9,95
426,tgrigorinibt,wK0!UJ!'m%!,45
427,meldrettbu,iN6+zV$0C,614
428,hthulbornbv,"bR1<#n,&?N5",287
429,kfarbrotherbw,"zX2""TOjU'",864
430,gkylebx,eC7{W70Bl0y?+FV,332
431,hsinkinsonby,bQ3|d=f>p20,891
432,cwranglebz,"aG8{,V<gub",274
433,troskeillyc0,mI5/I21duyl2N,89
434,kkellogc1,"lK8""4r$d",199
435,tbilliardc2,eD9{Df{h*=,886
436,ydanforthc3,bX9{1|})TC,948
437,sdownsec4,qO7~A!FdFOyk}F$',976
438,tchadbandc5,vL2)&?J`q?D(gk,366
439,vprattingtonc6,gO6>#i81y|}F,111
440,hbuttreyc7,hO4/#<5Fv?L),627
441,dcarslakec8,hP0\o}fs*`W.,850
442,dcrockfordc9,"fS4}{tx""",907
443,mdomanca,sT0}\>HN,656
444,dsappsoncb,"rL0,~5HYsA.()",721
445,ktrathancc,vD8=*'(`T\,342
446,ebrycesoncd,hQ6#QO&P,196
447,dbabbsce,tO2{Cv84,284
448,kchristoforcf,kV5$rOHnU@XYxru,237
449,tricardecg,rT1_*2%%)j&,956
450,jruggch,"xB3)A0n5B""R$",184
451,rlargeci,tG5_Z\by3CpkQFkM,617
452,epumfreycj,bX1+WUH3r),141
453,ysheirlawck,"jX5,(<VrNR&rk1",946
454,mpinshoncl,kD7|p_TL8rjIJC,117
455,asimoniancm,qN4(cD5*I+A>j>O>,5
456,fserviscn,aN6)IJZGi,425
457,aszreterco,"eG6"">Ne,""mE",473
458,tpotticarycp,xT7(XiDsz>1jSd,450
459,ksaltcq,xG9>*y+t'Cq=,57
460,gwippermanncr,"gX7""aptv/}*",868
461,jmatheloncs,wQ4`hGOr,654
462,fmerrienct,"dK1,8HfLm|C>jH*",107
463,dlohancu,dQ3|*_uU3}Ns|~h,927
464,epeerycv,oR4<HmZn,845
465,jpachmanncw,xY3{+F#K}0,720
466,dpeddelcx,hQ1%BZ!K*N,218
467,cstraughancy,"jB1""+c52,9""RH",1
468,dkinghamcz,jC2@FHBt+?o&,177
469,ecomettoid0,qY9$}NV{4TwD?,501
470,hhartleburyd1,qE2%hcm4xqzp=/Dc,415
471,jroulstond2,rK0}FpG_B!,47
472,vcamblingd3,"bH1)N""Te5X",826
473,vsimacekd4,iL1=DU97PD,73
474,gsportond5,uL4\!//k0n,217
475,gindgsd6,hT9#gBhyA+oD2X.,619
476,ademageardd7,oV6@`{Ohpzs&0V,923
477,pcutrissd8,gL9&x~.SE@{9,647
478,canticd9,xY9@m/B$v\,306
479,egrouseda,fF6(`%ZQQwI,522
480,fmayersdb,fC8<~aYO,88
481,rskynerdc,"sI0~wCd%!m,h",344
482,khadleighdd,pI7`/KvC67zC,318
483,wciabatteride,fC8|>@9c,117
484,vdictedf,"kP5""f)``%o",143
485,mvanyutindg,rX2*wHg`/o2Q,759
486,aodowddh,gX1`L'ZC,568
487,cdevoielsdi,yZ2!@q@\!,734
488,gbirtdj,wP1#Z&&SJ3#a<5,360
489,cbrellindk,xZ7&ZDnJ,847
490,fgivesdl,mF7?oxGu'bW,902
491,hchoffindm,nO3)v*jZgyvu,188
492,aofielddn,wP4>=ARr,724
493,wlindoresdo,"lY1>`hB,sNRY,r",770
494,mgulldp,"xS9,gdvud",966
495,ttoynedq,cI8\R9>PXBUt_&,96
496,krotterdr,oC3`bW{lt/EYO,171
497,llessmareds,fS8$VRZhL3MnF&/8,791
498,cpohlingdt,vM3\9fZl9{,53
499,doshieldsdu,dD9$IPQOn<,683
500,vgosnolldv,rR5{3&T87a,11
501,tgreguoldw,qF9$*Vk|xt!$Q>.,59
502,dbeamontdx,jY6'D7La,980
503,mmellmothdy,zF3@%%O$U,252
504,bcastilloudz,vR7$YCAt0,959
505,kdensumbee0,eI1.Z%KV.!Z'/,348
506,yswitlande1,zQ9~S>X(Wr,981
507,eblunsome2,hI1=k?I!4@U,214
508,fjakoubece3,iS4<={Oclr<,864
509,fbonafacinoe4,yI6%2&\TP4YH0?Q?,191
510,dredmelle5,qX4`TuUNfwH,249
511,jvidlere6,qO4&Y`>cj%1`MtO1,867
512,aseyfferte7,"qS4,PejC",104
513,cstazikere8,iT5'Go/BEn1Rf!$F,396
514,ocarslakee9,wS1!33t'.k=M,927
515,nlockettea,eG4}EHd),717
516,oshaftoeb,xS5`n3j5s.,830
517,dhawardenec,tN4@eR1Va*N2~UJ,98
518,nmussettinied,gL1`G9X2P,990
519,jleebetteree,mU9@@*d<!SY&M,14
520,beccersleyef,qO2?(!~h5!&<D,25
521,dshipperbottomeg,kE4@/}y+?,567
522,kjoskovitcheh,cK1)lYrX3v,640
523,oyeseninei,"bD4>HQ',fRGn4R9",11
524,wvintenej,"nZ6#yOw,",281
525,medworthieek,"hA8,<ZGJHOF0E!SZ",393
526,teckartel,jV0(bHH%x&,820
527,kjewsterem,qY2#/(1sTG=3t,420
528,adykinsen,wU3}g&`SWYB?+y4,471
529,jpickthorneo,cD2%RQrSEV,986
530,nerwinep,iJ5*\HR\)N,962
531,kmurkuseq,"dV5""Hy~RW2d",866
532,wfazackerleyer,vP2_7gI/`E(V/XX,783
533,aleanes,xT5*H%NDXGv+WK,853
534,mduredenet,jM7+Qz3XFb3=s,63
535,wbosmaeu,"nM7""4b/Bp%q{emPL",195
536,ssimmsev,qY6.EYcfDGQ3dFkd,735
537,atompkinsonew,jD1{1)e!|Kp{,512
538,lgirodex,"iY2,vCEC/KC7dh,",257
539,cbradfordey,kU7_)XnW,743
540,crodolfiez,vD0+OM0<zN<,291
541,cmccreedyf0,"fP0.N}<''(kz,ll",156
542,vshreenanf1,mM2)h5!3_Y|9,167
543,mfallsf2,rL6+Ap+LV_,46
544,lsarverf3,gI5.Mqh&A,94
545,tahlff4,rZ2>(}DnvV!21<,796
546,imattonf5,"fO6'0L3""}5}40tyG",115
547,mmostenf6,"lY1?O""4u_KX(",11
548,bhedgerf7,aI7>n)R6SL4_gCIZ,35
549,teatockf8,bG1*a6#PJER2E=`,578
550,dcaugheyf9,oR3~5{/b,317
551,ochamberlinfa,dH6}\R1?i,863
552,fminardfb,"dG0>l17,O""zsv.7",613
553,dhawketfc,jE9*7*9\|Ipgi?au,78
554,fhallgarthfd,lE4.*gdW3`q=,724
555,ihansellfe,aD9/+$zg*6sz,863
556,lalyokhinff,bE7@\{4ru9L'.,830
557,cduddridgefg,rB7)476xM6m,348
558,cpringellfh,oT7?Jc`AYl4wq,901
559,ceagellfi,nV0.HxUc,249
560,bvanarsdallfj,sZ4\!VAFT7LY_,492
561,blidierthfk,"cX8,',z3etvXUWWs",929
562,pseigniorfl,pI2.V_A(Q,656
563,llaurencefm,pW7/PA&6W'w=,563
564,crupelfn,jF5&i=jFl,171
565,afontinfo,"xV7""?%f)",738
566,mwittenfp,iI2*_G9$,133
567,gbruntfq,kQ2+BDNXtN,365
568,mduguefr,tK5!DdDTx,693
569,kshillingfs,eV6/DI$j'@z6uS#9,780
570,kmilkinsft,iA0@&WOnXR0wY,637
571,bjutsonfu,tS2&3>kfK%1,292
572,agotcliffefv,rD1!j_ka|>,319
573,asuarezfw,jL2(6@+.jt>,171
574,ebrandomfx,kL5~7cU'Wg~'j,708
575,glaugheranefy,yV4`6fPldp>,389
576,mrosbothamfz,qQ5*(fX3*56,773
577,ibottong0,xK0{(HPge1g24vV,319
578,cgeggusg1,wX6`NQ?|~,256
579,fdugmoreg2,rA3@!'w.2,68
580,atiplingg3,nY9>L%6u<D`0lP,276
581,mgritsunovg4,eT0(_h*f,130
582,sclausenthueg5,kT1&R\70M,113
583,lmoncreiffeg6,lY9|*sC0\b|Fi,970
584,dmingayg7,cZ0%2I020_1=6,208
585,aattleg8,iB1|fpt$2>,770
586,mbaskerfieldg9,"nA1""eJo*i'hE+c",489
587,asympsonga,"hM7,8DY0Xqm9p",47
588,pjonegb,"dV3""A3b*Wrle)",820
589,samblergc,"tG9)c+,B~.M{1f4}",890
590,qjamiesongd,"lK9$G7""Z""",15
591,bhuzzayge,"xO0""{fvRe%4`9%",364
592,enocklesgf,wM5.$<p7Qpmj,329
593,cdowninggg,wM3*FeZHrz,316
594,csandygh,wQ4>z0O.BM,659
595,lmalletrattgi,sN2$=kn`(iDFia.,555
596,cnotongj,"zX7\""W/}#XsFQY",408
597,kyegorkingk,cF5=@QKr_+,150
598,jhorlickgl,hV5\CkA/{'e_0U$L,229
599,jdodsgm,tL6_aGo({+J_,305
600,rkendergn,fU5@<|4O8fL/,912
601,echickengo,vU4&?#rN)kI(,826
602,dschafergp,hE3>rFi'xU,773
603,tblinmangq,cZ8<MK4qR?._,672
604,qwranglegr,jQ8/=3sud,123
605,slewzeygs,hT0>V!ko5W$&9,868
606,cdouringt,gF5+~I0p},636
607,rvedenyapingu,"fD9?P7gK""R*zZ",671
608,cconleygv,"uJ5+h""?i",575
609,elukacsgw,"lI5""b/yWr*{n@",554
610,hspellaceygx,oM8<J=&5d2,230
611,mdeveralgy,"jC7,pKhM\F~490A",800
612,bdampiergz,iU1\2~{j,927
613,rmarich0,nO9&VBGUa.,232
614,zmullish1,aN6#FcRyM,953
615,hkiehnlth2,cH5+dB6!1EP5W%r,245
616,egarveyh3,nT1<~lsmkl1=T,338
617,ebrookesh4,gP1=qHr=,586
618,ksinkingsh5,xT9\aqJ7O8m,440
619,lmarth6,gO8/YxQLBZdXzK=,362
620,amarchh7,"qW1}y9""AxM",744
621,lscroxtonh8,bW1/8e3P_,500
622,gtameh9,tD2!<NNai6,988
623,mhapsha,"nE7=Qk3G0(.n""",71
624,gcawsehb,"cM6(#z~l|,3o,.",650
625,gmuzzihc,wA7+Zm7'dHyohEhZ,172
626,scransonhd,oM8.LKl2Z}I\*35_,959
627,aschwanthe,oZ3@4k`+aEV`cd,109
628,rpettitthf,"fK9`FdXMyGAx4,x7",261
629,ybasindalehg,uJ0?_1FG%,724
630,bpetegrehh,nB3\rBKG,596
631,akirvinhi,sR6_$6rxzr0t*1z,222
632,jbyrchhj,aL4<d'A4kJ4,713
633,bmitkcovhk,xN6~C.6d,207
634,trowlandshl,"nM8#!W,,>#e",952
635,caceyhm,uR5?L.8f_>,827
636,rjeunehn,nD3}>ZS3un,636
637,kcapelowho,iE0%S_eN/l/5r,566
638,dmatiebehp,"xR4*@@Mzk""ZmP9",258
639,clindbladhq,"fK0{""gJm&T",685
640,nlightmanhr,bO0@@'K)s,379
641,warlinghs,wQ2$1ovlti3g,998
642,swolferht,"qP4@>,YRf6E",637
643,oblofeldhu,uT0`_Y2fOd$@mRK,312
644,vdiruggerohv,uL8'4U$7,799
645,sfreebernehw,yR8&c@.b0R,737
646,btruterhx,sH5<c\%7A,203
647,gdawdaryhy,cV1!2uWLK)'Rz\h,233
648,cquinnhz,sJ0$H8Lz@.B,245
649,fthomingai0,bI0?LAM*(,564
650,bbegginii1,uE3||%%!ENdD(7,53
651,droumieri2,"pB6,iQgc&=HIU=",245
652,vmcewani3,jJ0}mYqC,948
653,shoulridgei4,wM3*PDzi+CkyiQws,319
654,sbertsoni5,nU8*YUy`TwXS<,654
655,sisgari6,"eI1>,Yb'cXj)=",534
656,kmivali7,"vX5/P7""l.foC",690
657,rdagworthyi8,dJ0)lqYjTr&r*4,417
658,napplegarthi9,uM8=wV6?tZ,969
659,mremeria,fJ3%p+>|B,561
660,valthropib,qT5#keak2KrPSu,765
661,cgrentic,sK3(XV~ee~4sY,134
662,smcardleid,"qF7""=Y7jAVSE0Dq",127
663,esonghurstie,cZ6{KyZ=G!,197
664,chaggisif,xS8}az~z10Lrd(P,213
665,srhydderchig,tY2=BdTm}n>(S,541
666,pcuruclisih,"cP3=lch,f*",488
667,ggiovanardiii,nF9_Z.=9iQ%B,780
668,haseeij,eA7*R~Weg,567
669,fbickleik,mZ2(w?E<,791
670,ebelverstoneil,wA4%RF_m/@$8,8
671,emaryskaim,oN2?I~36HjX,535
672,hhousamin,uY7!0>jbZO.WOL,500
673,ishoppeeio,rA2}vG!sE#vFID,784
674,arullerip,"mC0>Q@""!=EtgohQv",848
675,gmeridaiq,nP9)>os'FEa,941
676,oetteridgeir,uS3&2D<0RS+X,280
677,vscholtzis,hL1?#XdbvrE|X0,330
678,atickleit,"jF2+T~W""J!u>*",391
679,jwyssiu,rP2<}ZcV5~uzEg,594
680,sghioniiv,vO6#.RKVIBThu&oM,766
681,lyaldreniw,tX5=~bkr4oe8,795
682,gkrzysztofix,eV2&Q)Q7d,259
683,icrosheriy,"oN2%M.&q2&8""",746
684,lhicksiz,aO2+bH7=ai{`xj5,986
685,kgasparj0,qO8_ci0.,994
686,hgotmannj1,uZ7>me>8>swkK,419
687,wcorradinoj2,nL4\x0OP'wls,811
688,vpharroj3,lF3$pbIsH)>,247
689,ncapperj4,wJ0|oP5v(Ezk/Ky,19
690,cbogartj5,gT4\)Nq\coJNv,67
691,qbarthorpej6,"tY3#92Ut,N0ld",941
692,mcobonj7,"fQ2_KdE(e%x,#",255
693,qlangthornj8,yY2}G4|c6IDG4DH,365
694,rphilpsj9,mR9<KR~o'A,233
695,byannja,"aR0%!7*UHG}(CC5""",790
696,lwitterickjb,nH4!\K{*|W*V`,602
697,vmcettrickjc,"gK1?q$""kE`{yF",914
698,smcgurganjd,yN3?B@BvgDX,237
699,dleiversje,iU3=K<}R!d6#*pA,272
700,kfancuttjf,"xL8"",g0<$U",667
701,flarrosajg,kK3+i*$@IB,316
702,ddickmanjh,"aM6|$n|c,",445
703,ddavidouji,uN4@K#tOg,39
704,gyaldenjj,mP7'K*ttrpbTA&ww,925
705,btrewjk,rV0)(Kp7+R+fW%{,50
706,llightowlersjl,kL2<.Vu<p1,194
707,rcreamerjm,gU2$rm9b,862
708,pmccowenjn,zX1\co9JVJ,269
709,khanabyjo,"mW5""'E0>rBzw",246
710,ebettjp,sN4/Be}<|m,926
711,jleggottjq,sH6{1AV>ks+0i{{,455
712,bixerjr,"fR9}t6Ci>,",657
713,dboarderjs,"jT5,c`yO",648
714,lbycraftjt,"nV1)""JKye2)FqC",311
715,wmorrantju,dJ4?B/.x,367
716,ldoggrelljv,aQ6/zbgi>,883
717,nforestalljw,sH8`KB3y,610
718,tmeindljx,"vF3~3xyto""",846
719,ehancornjy,tQ8_B7@p3e,829
720,hbattsjz,eV5>w<Hs,804
721,igarbark0,hV4/U#%S,129
722,eenglandk1,sA5&nlpn3,963
723,fpartingtonk2,iP9'c_ww9CU~CH,142
724,sgierckk3,nG8(T~q>{,149
725,gpursehousek4,qN2_NQwd|wv,904
726,mcalvenk5,cL3@a787rK+HY7A,200
727,lduellk6,hI7\t3|8adOe+Z@i,918
728,pbortolk7,"pV3|t,ZM4Q~$o",308
729,bblabberk8,"zU3""/ulCl`",983
730,ddomeneyk9,yY4\o'?hr,681
731,ebolderstoneka,vX3@ugHhrrR',313
732,ysyphuskb,iS3/7bxlwj7,686
733,mrizzardikc,"lH3(~3Oj<,8",71
734,kshetliffkd,"yA2|e""u1x{F)@",597
735,vasbreyke,aR6@>45J1>w|nPW,264
736,brooksbykf,tK7'v'Y!~inV..p,208
737,lquembykg,iO2'vpW+S,845
738,criellykh,"kQ6&*P93Wd""PQ",770
739,rgonzaleski,gB2{M>Y{`,492
740,kscraftonkj,"hZ4%,zjejC\",693
741,qmacfiekk,"cW8,Tm??\",552
742,zsilvesterkl,yC5@%Mh3W3eoo5,380
743,ascurrykm,"vP1>2""QhZU5cc",291
744,abazelykn,yU6<_VGmTg%%H,922
745,bcallwayko,vL1|.jzNC<C,311
746,cmorbeykp,"yJ0,y>QQSW}mj'V!",486
747,heburnekq,aF2&RULKK@,294
748,tdakhnokr,lP5_6ehl/m,212
749,cgligorijevicks,rO5+8t/P1,734
750,aburgoinkt,hZ8%xTF6,780
751,isussexku,"iM5@TYQWf""",800
752,ldawkv,oY4>htv\j,715
753,lfeatherstonkw,"aK3{y""f{)XEAL",685
754,jbeglinkx,hQ0$EbJ~K94T,437
755,fpittoliky,yK8*p2<M~N(r6wGb,163
756,galesbrookkz,"iZ5""Z""zgeMfs=",183
757,rmitchelmorel0,hO4|OFZ/<\>jh&Wy,749
758,kschreursl1,kW9/Q6oL),390
759,tpaulsonl2,"hO5\{5GvvYly""",81
760,kviell3,"eW5_""q6J/YSwZpA",808
761,cguiettl4,fC7~G(3Dva7&,462
762,dgiannazzil5,"tD2,m_JIpGIreTrI",851
763,htwentymanl6,yH1|M?ho7I6)f'R,538
764,maugustel7,eR5%Hu5LN3o,236
765,bconnockl8,pU7?OO.kUWZK!@hn,217
766,jsollyl9,"wP1#)0P=x1,<re'",269
767,ebunstonela,yB6}P+?yg,119
768,ewhitecrosslb,yL3*OgssJ.k,991
769,bbichenerlc,nO9&SovE,429
770,rbrideokeld,kN4%iUI>,315
771,amathewesle,yQ2~x~c'~,83
772,srawsthornelf,oV2!saRGupu,375
773,rrickmanlg,jX5@r(6t4,462
774,rferrellilh,yR6<cF=d,402
775,aframptonli,yI3&i.J8,775
776,leverisslj,iG8$Hij*,894
777,dbrodleylk,wV1~C.'|jZ,340
778,esorriell,mP6{.aH(lq1,565
779,ccurwoodlm,"cY9!W@hXvN9z""z",791
780,cduplantierln,nD1}`h!p.NYlv,786
781,lballisterlo,nY4|e@R`yU4fU3+,750
782,echarleslp,"nR1""u7J2Dhf",896
783,aguilliattlq,hX5\)WSn,282
784,jodooleylr,bD0}+af$d*Ef&,391
785,ggammetls,qK0`UG6#ze)yS,671
786,mworkslt,"cE4_cz{,g>Fe",947
787,dlindbacklu,yX6*r?(NUTR`\$,801
788,afarrantlv,fF3}q6b}A,75
789,dfluckerlw,wR8(<T8/pV\5V,578
790,bsimoninilx,rK8{=sU`+4,44
791,blonghornely,nK0&fPzpw435Xf,528
792,bbatcheldorlz,"kP9~I(m>%2H@""",42
793,rtoursm0,oF1{Px\$AS,577
794,chattom1,dR3`$50~|y2W,112
795,cranaldm2,gE0>$}Y*e1,244
796,vffrenchbeytaghm3,jY5}As73,107
797,mlehenmannm4,hL4(!`.G=_f*\,411
798,gglencrossm5,bS3$\*16qu,772
799,clovatm6,"jF2}w""VV",702
800,kmacanellyem7,lU6<#r2U>dPs,800
801,jmccartm8,iG4#_fQFlSV%y,578
802,tfrostdickm9,"cL9,d_h}6MN",869
803,vstiegarsma,mD3'QpH~`,617
804,cjoshmb,lL1)p0Vo+,144
805,wcartmermc,zI9{Z(_%ZUKB*z,853
806,gpadillamd,tF6)'#L#FI3Xg!7.,537
807,ssollittme,fD0?wb)2)~(5fA,445
808,msergantmf,rX2\p@&1rxIA$oK,476
809,hpilmoremg,"bT3,Ze'x",505
810,njudkinmh,iM3/N~+)%&x|R1,135
811,pgersammi,"kH6%=""Sh5\jH5w9j",225
812,wmillingtonmj,zC2+zC<R0fRb,867
813,mblemingsmk,"qJ1(<?8,`nRyiba",963
814,mbrightlingml,zO0//xYLFyk<n},828
815,tjurischmm,bY5|JC(1X,978
816,eorrismn,gU9=.DCI,112
817,hsaffellmo,"qY3_fpUPH&,f3",7
818,fwoolbrookmp,uY4`.gD!/,961
819,dlingemq,wN7@U4Vd%/QL,593
820,thardagemr,aZ0!9w<(,826
821,kpauluschms,lR6|(S}nHUHz,358
822,ravramovitzmt,aF6?|iDqz~,740
823,tcrawforthmu,bA0$T#0d`VmKI7G,65
824,ewilseemv,aW4/p12'ry,496
825,acamplejohnmw,"cX6&{Kq`|41l,uH",524
826,cbattellmx,wS5<U&(nG3AQ(`,323
827,tjarredmy,eK3%*4Z$@eJ,337
828,rmcgeaghmz,uU1~WCcrHnlkT6,35
829,aelcoatn0,bV3.}O~4,437
830,pbrunescon1,zH6_ZYY5>%),679
831,tmarquotn2,"mL4<""CZ,pdhwu",593
832,rpipetn3,uC4|{qu`'@1~)}?0,482
833,schillingworthn4,xJ8=cW1szdO+&56,827
834,emunginn5,kW0|LgWG*m,802
835,pchevolleaun6,"vI7?<,gruv~w3b",966
836,dmintoftn7,rI7)5&K+!,955
837,tkingswelln8,oJ1(tZ'yV,645
838,smiltonn9,wF9`Jcm|,204
839,kpiatkowna,"wU7,JFkH~+cLg",585
840,jrogeonnb,"lO2>Jc@V6,Wp",285
841,lantoschnc,iE3`}iV1,294
842,smagornd,nB9)(46xULT,117
843,theishamne,gZ9(&!1Rp9q7,901
844,aphythonnf,fZ8/z0@v1{W.,351
845,sklimukng,aS7{*o906G,956
846,bferrierenh,kB1.FQbV5`TX&@,518
847,mfredsonni,"gE9'Wp_/Pd""`p`",266
848,tbeechenonj,bQ1=)p6B.,810
849,rgrevenk,hO3'>K1>3BRnyB,913
850,rgilroynl,uK5}mi#QPlHQ,45
851,abilboroughnm,tS7'2Dl|0V8zPM?,561
852,coldnallnn,xQ0\NM{c,711
853,dfilippazzono,aC5$sA|d(4,470
854,isprattnp,"gV6|""UoNgwHZ)}F",524
855,dhutchisonnq,"qR1""b{vHM`MX@A",946
856,bderuggieronr,gU3&Cr@&M,779
857,wpichens,kO8<+E~}$u(GU,271
858,estitwellnt,aM1<><xTC77,960
859,jworsnapnu,kY2?D~iu?,323
860,kfatkinnv,"aJ7?@Xs=XJ0pF},V",95
861,mairetonnw,iH4/#~FF,406
862,aplanknx,jN3*a#9Atk<.8E,559
863,ebeevorsny,uA6+ukHr,963
864,cvedekhinnz,"xX8&,>i\Stpz%F1J",941
865,crosevearo0,oQ2@z`ku_H*,944
866,mcoetzeeo1,iM0\<jM(jR}?sHq,922
867,edevauxo2,jG8}q4G+l~jt1R,652
868,ajellyo3,"iM4""lOkN2V.",574
869,aissacoffo4,"sU9~,\Osij",883
870,cfouldo5,uE3\8qG6j,188
871,pkryzhovo6,kN8}SQ5ix!iEbi,44
872,gmatkino7,jI5>68vH`SC,996
873,pkieranso8,sM7+RP5er>&LK9N,684
874,fprettyjohnso9,gB5`5cr#O3,376
875,whoogendorpoa,fH4>m%/pt,60
876,coretob,yC5|PBPG!,393
877,clonginaoc,"qF5,1OzeHF6'I'9",793
878,bkaygillod,zD4+T%hqOEu#d`S,351
879,ajosselsohnoe,xB2>'{(MH),412
880,educkersof,sP8*c9/K*,171
881,ffaivreog,bW9@}@8z>,213
882,cmordieoh,"cM7<s"".oL2>I",659
883,hdomonioi,"nK7""xxaoK@3E9h?g",650
884,cbrigdenoj,dG3)f{2Uho,696
885,lnorvelok,uS1!)h(py.3_CU$`,467
886,vottawellol,eY1(R>hk?4_dwqcC,603
887,brealyom,kR6#t+Aovtpoo,305
888,gsellimanon,tY8_EK+.3vnh=,647
889,jhanseoo,"tS8,SU(r{1@ivU",327
890,aduckitop,fD7?A)b@E,328
891,rdollingoq,"lI2=#Td)H""p|@E0C",338
892,acranmereor,dQ9(N6_G30F=y,974
893,tberndtos,rA1?g_H{,143
894,dglasscoeot,"qV7,vtK*@TVGz_=O",414
895,bbareheadou,tG1/n=b6_C9TlB,223
896,gbellochtov,kU4)5`m>JZeU#&_o,203
897,cromagosaow,pO3+hjOSY,636
898,cwemmox,"bZ9,8&v9L63ZqV)",818
899,lpulveroy,"nW3'0l3""",325
900,rloweryoz,eV0<.?4J.wYA+Qr,110
901,dkolodziejp0,qL2$uDV<5_Y,237
902,jraynorp1,"yZ4,wP7{jb",983
903,bclamop2,dA5&Ju5XM!.,531
904,abonusp3,kH5}k3UB~4'3,641
905,ncokep4,sG8<\xLK,851
906,cbuddockp5,nA2$ZV6s|~4~\_Uo,304
907,fapedailep6,wT9)xO>``9p)K,641
908,jsapseedp7,lY9(Naj3}LR%.m,667
909,cmecchip8,iX6}QHR4OW%138,353
910,mcapaldip9,bD7}<?kD,769
911,clinckpa,"jH0@3nIgv""EjF9uH",151
912,rwhitrodpb,aP7!XA7%a{OR\RGe,895
913,smartonpc,rZ4><TCKSq4,870
914,etaylderpd,rO3'ce8$}rT1,958
915,eexonpe,lG8~Yn>Ku8O9rr,650
916,vmabbspf,yH1{tYvW(k,69
917,hastridgepg,aZ5\CJCH1p_DV<,664
918,cguillemph,dA4.z@!Cau''enO,889
919,yfawthorpepi,qQ2|_BwU4,341
920,stothacotpj,mV3+eh.j~>I/H0hS,540
921,fmcpartlingpk,"eC8$""7/2",418
922,bmadrepl,jC7.LcEJ'CV,683
923,oaxelpm,pO3>k1.L,809
924,rcaldowpn,"hU0,c6sWyDxYfD",843
925,deleypo,zW2&Go$7KO,914
926,efarrantpp,fM2(o`JMyS!,281
927,rpoetzpq,"uO4`<*pV*,W|#&",493
928,cgregorowiczpr,kX6/Hmqm,835
929,thoulsonps,jK1\UIMQ'#n\X,167
930,cluisettipt,eY9@_tr&S2OvR#,40
931,awimespu,fZ3/qRl8`vC.l,629
932,cfludderpv,"rH6""NZbV*?JcKAq",387
933,ppiddickpw,"uZ2~w_.II3y?,",194
934,agiraudoupx,"cX2""A>o=U`{rg",795
935,lnossentpy,yP3?P}<*6$H2,29
936,glateypz,dR1%~|jQV/PC,705
937,lgroartyq0,hI9@l$Etnt,559
938,sstarmerq1,"hN3>""YuWp8$",240
939,mmostonq2,kS1=fp$V#.,596
940,eguardq3,"qL5_""A9(IQ8/n",596
941,ubrydellq4,qY6|G_/dN4TM1?h,987
942,ngalieroq5,jU5$1kgwEf,983
943,ehairsq6,rA1~B|gq6'zSo5%,156
944,rtysallq7,kI7+H{h1$7Tr',857
945,tstitfallq8,iS5`hwWPtg@uJV,437
946,apirtq9,xN2{jO/{Fp|}+e,998
947,jforganqa,tR2_{oi$y_YZx,385
948,rsmerdonqb,"cD8,\g++a+<r'U",200
949,ajoannicqc,nL6=i#lP{,8
950,fmowdayqd,sH2@KbxR,680
951,rstricklerqe,rM2)jEnK_P,92
952,jstourtonqf,"gW3""S#u)",438
953,rginleyqg,oT9{JpiMdEZ,278
954,smalacridaqh,nE4!d=#M4BQ,352
955,aknevettqi,mI4.x9qX35,500
956,abrosettiqj,xP1(&i1i&,638
957,gthomingaqk,kU2#r@n}%uf(C,181
958,jmatteucciql,oA8}z=L94@NT62Sh,467
959,ndodgsonqm,"cQ4,Tqey",113
960,meffnertqn,oK7*kDz`yT,673
961,usporesqo,kG6_M@HL,418
962,tpigeonqp,kS7)RG$\{},902
963,rvoiseyqq,aY4%~)Z|iqc\*Va,2
964,carnollqr,zK8=I_(T~Ug=GY(,853
965,mbeardqs,dA3>u@(T,281
966,ajanjicqt,nX9|P=9wae2w,773
967,jcamilloqu,oY7'BWJheuyu,235
968,shaggieqv,zW0}Q+}r&MDk,995
969,cpitkeathleyqw,"nH1""zgMg_JdS_~",915
970,detoileqx,xP3#0~eLdy}y=>Ew,18
971,agiddinsqy,dC1.cd&Fq+|,187
972,dlightollersqz,"vQ3""($zM8T!",933
973,oflawnr0,"kK8.%*V&&ic},q",766
974,sculhamr1,cO9<>fjH'CEhU,698
975,lleftbridger2,mJ7~R%D8Zv6,303
976,hscoldingr3,aT1*@!C}qeZQo>,115
977,ocowoper4,xI9*Slo+7_3<F+/,957
978,smckitterickr5,mY2%{E5ZJWO,778
979,diwanowiczr6,vG5>VOlH,969
980,plebbonr7,sK0`}O)q3<Gg&,263
981,wbusselr8,mN9&)r%O<gIXs=x6,438
982,qrayntonr9,bL8=M9*f|rI>&$&~,473
983,cdillistonera,"zX4}>D}YHK,",766
984,hfaussettrb,"mJ4,$CEJ(",752
985,hdunbletonrc,sT4!dg48'|)r|Lr,810
986,asaingrd,hG4<$C||<|{74H,818
987,etoffelre,"vE9""Swx)Yv""u/E",516
988,ncholominrf,gZ4)'jedV5,232
989,bgladdorrg,nC3.5R#pvXZKV,79
990,nmericrh,mR6*vB|~,891
991,ahadwickri,pC9<8f'y4,616
992,lolivasrj,cC1%*}XS)8,802
993,zmaccostork,aW0@B(sWlQ,590
994,mcawtherarl,cW0\Kn.4rqQ=O,722
995,nhissettrm,dU8(ZjjhS,961
996,dbenionrn,dB4)yeD%fhq,100
997,tloveridgero,mZ6{0ABad7tn6,340
998,rfranchyonokrp,qY0}MtEYw{`,456
999,twestcotrq,kY5#Ea$_tj)Hrxi,488
1000,cgrisbrookrr,fJ5*wwB'Cg7H`,873
